,start station name,end station name,number of trips
0,5 Corners Library,5 Corners Library,104
1,5 Corners Library,Astor Place,18
2,5 Corners Library,Baldwin at Montgomery,40
3,5 Corners Library,Bergen Ave,6
4,5 Corners Library,Brunswick & 6th,14
5,5 Corners Library,Brunswick St,26
6,5 Corners Library,Christ Hospital,80
7,5 Corners Library,City Hall,11
8,5 Corners Library,Columbus Drive,29
9,5 Corners Library,Communipaw & Berry Lane,1
10,5 Corners Library,Dey St,33
11,5 Corners Library,Dixon Mills,5
12,5 Corners Library,Essex Light Rail,9
13,5 Corners Library,Exchange Place,67
14,5 Corners Library,Fairmount Ave,16
15,5 Corners Library,Glenwood Ave,5
16,5 Corners Library,Grand St,3
17,5 Corners Library,Grove St PATH,31
18,5 Corners Library,Hamilton Park,14
19,5 Corners Library,Harborside,55
20,5 Corners Library,Heights Elevator,87
21,5 Corners Library,Hilltop,35
22,5 Corners Library,JC Medical Center,7
23,5 Corners Library,JCBS Depot,1
24,5 Corners Library,Jackson Square,3
25,5 Corners Library,Jersey & 3rd,9
26,5 Corners Library,Jersey & 6th St,16
27,5 Corners Library,Journal Square,22
28,5 Corners Library,Lafayette Park,5
29,5 Corners Library,Leonard Gordon Park,93
30,5 Corners Library,Liberty Light Rail,4
31,5 Corners Library,Lincoln Park,20
32,5 Corners Library,Manila & 1st,13
33,5 Corners Library,Marin Light Rail,4
34,5 Corners Library,McGinley Square,21
35,5 Corners Library,Monmouth and 6th,10
36,5 Corners Library,Morris Canal,4
37,5 Corners Library,Newark Ave,51
38,5 Corners Library,Newport PATH,83
39,5 Corners Library,Newport Pkwy,11
40,5 Corners Library,Oakland Ave,294
41,5 Corners Library,Paulus Hook,5
42,5 Corners Library,Pershing Field,365
43,5 Corners Library,Riverview Park,55
44,5 Corners Library,Sip Ave,120
45,5 Corners Library,Union St,11
46,5 Corners Library,Van Vorst Park,19
47,5 Corners Library,Warren St,20
48,5 Corners Library,Washington St,58
49,5 Corners Library,York St,13
50,Astor Place,5 Corners Library,27
51,Astor Place,6 Ave & W 33 St,1
52,Astor Place,Astor Place,69
53,Astor Place,Baldwin at Montgomery,13
54,Astor Place,Barrow St & Hudson St,1
55,Astor Place,Bergen Ave,9
56,Astor Place,Broadway & Battery Pl,1
57,Astor Place,Broadway & W 32 St,1
58,Astor Place,Brunswick & 6th,5
59,Astor Place,Brunswick St,3
60,Astor Place,City Hall,65
61,Astor Place,Columbia Park,2
62,Astor Place,Columbus Drive,2
63,Astor Place,Communipaw & Berry Lane,16
64,Astor Place,Dey St,3
65,Astor Place,Dixon Mills,3
66,Astor Place,Essex Light Rail,7
67,Astor Place,Exchange Place,22
68,Astor Place,Fairmount Ave,11
69,Astor Place,Grand St,9
70,Astor Place,Grove St PATH,80
71,Astor Place,Hamilton Park,16
72,Astor Place,Harborside,7
73,Astor Place,Hilltop,39
74,Astor Place,JC Medical Center,27
75,Astor Place,Jackson Square,18
76,Astor Place,Jersey & 3rd,4
77,Astor Place,Jersey & 6th St,1
78,Astor Place,Journal Square,97
79,Astor Place,Lafayette Park,85
80,Astor Place,Liberty Light Rail,30
81,Astor Place,Lincoln Park,14
82,Astor Place,Manila & 1st,16
83,Astor Place,Marin Light Rail,4
84,Astor Place,McGinley Square,73
85,Astor Place,Monmouth and 6th,9
86,Astor Place,Montgomery St,7
87,Astor Place,Morris Canal,3
88,Astor Place,Newark Ave,47
89,Astor Place,Newport PATH,6
90,Astor Place,Newport Pkwy,4
91,Astor Place,Oakland Ave,2
92,Astor Place,Paulus Hook,6
93,Astor Place,Pershing Field,22
94,Astor Place,Sip Ave,1947
95,Astor Place,Union St,12
96,Astor Place,Van Vorst Park,31
97,Astor Place,Warren St,9
98,Astor Place,Washington St,3
99,Astor Place,York St,9
100,Baldwin at Montgomery,5 Corners Library,27
101,Baldwin at Montgomery,Astor Place,17
102,Baldwin at Montgomery,Baldwin at Montgomery,109
103,Baldwin at Montgomery,Bergen Ave,16
104,Baldwin at Montgomery,Brunswick & 6th,56
105,Baldwin at Montgomery,Brunswick St,47
106,Baldwin at Montgomery,Christ Hospital,12
107,Baldwin at Montgomery,City Hall,133
108,Baldwin at Montgomery,Columbus Drive,14
109,Baldwin at Montgomery,Communipaw & Berry Lane,11
110,Baldwin at Montgomery,Dey St,18
111,Baldwin at Montgomery,Dixon Mills,31
112,Baldwin at Montgomery,Essex Light Rail,38
113,Baldwin at Montgomery,Exchange Place,325
114,Baldwin at Montgomery,Fairmount Ave,20
115,Baldwin at Montgomery,Garfield Ave Station,3
116,Baldwin at Montgomery,Glenwood Ave,1
117,Baldwin at Montgomery,Grand St,10
118,Baldwin at Montgomery,Grove St PATH,868
119,Baldwin at Montgomery,Hamilton Park,42
120,Baldwin at Montgomery,Harborside,40
121,Baldwin at Montgomery,Heights Elevator,4
122,Baldwin at Montgomery,Hilltop,139
123,Baldwin at Montgomery,JC Medical Center,65
124,Baldwin at Montgomery,Jackson Square,3
125,Baldwin at Montgomery,Jersey & 3rd,17
126,Baldwin at Montgomery,Jersey & 6th St,10
127,Baldwin at Montgomery,Journal Square,70
128,Baldwin at Montgomery,Lafayette Park,5
129,Baldwin at Montgomery,Leonard Gordon Park,1
130,Baldwin at Montgomery,Liberty Light Rail,45
131,Baldwin at Montgomery,Lincoln Park,29
132,Baldwin at Montgomery,MLK Light Rail,1
133,Baldwin at Montgomery,Manila & 1st,49
134,Baldwin at Montgomery,Marin Light Rail,21
135,Baldwin at Montgomery,McGinley Square,73
136,Baldwin at Montgomery,Monmouth and 6th,10
137,Baldwin at Montgomery,Montgomery St,54
138,Baldwin at Montgomery,Morris Canal,15
139,Baldwin at Montgomery,Newark Ave,94
140,Baldwin at Montgomery,Newport PATH,44
141,Baldwin at Montgomery,Newport Pkwy,99
142,Baldwin at Montgomery,Oakland Ave,11
143,Baldwin at Montgomery,Paulus Hook,15
144,Baldwin at Montgomery,Pershing Field,12
145,Baldwin at Montgomery,Riverview Park,14
146,Baldwin at Montgomery,Sip Ave,1124
147,Baldwin at Montgomery,Union St,12
148,Baldwin at Montgomery,Van Vorst Park,113
149,Baldwin at Montgomery,Warren St,19
150,Baldwin at Montgomery,Washington St,41
151,Baldwin at Montgomery,West Side Light Rail,4
152,Baldwin at Montgomery,York St,18
153,Bayside Park,Bayside Park,3
154,Bayside Park,Bethune Center,1
155,Bayside Park,Exchange Place,9
156,Bayside Park,Garfield Ave Station,3
157,Bayside Park,Grove St PATH,6
158,Bayside Park,Hilltop,1
159,Bayside Park,JC Medical Center,3
160,Bayside Park,JCBS Depot,2
161,Bayside Park,MLK Light Rail,1
162,Bayside Park,Morris Canal,1
163,Bayside Park,Sip Ave,3
164,Bayside Park,West Side Light Rail,1
165,Bergen Ave,5 Corners Library,18
166,Bergen Ave,Astor Place,16
167,Bergen Ave,Baldwin at Montgomery,59
168,Bergen Ave,Bergen Ave,39
169,Bergen Ave,Brunswick & 6th,1
170,Bergen Ave,Brunswick St,6
171,Bergen Ave,City Hall,85
172,Bergen Ave,Communipaw & Berry Lane,3
173,Bergen Ave,Dey St,1
174,Bergen Ave,Dixon Mills,4
175,Bergen Ave,Essex Light Rail,1
176,Bergen Ave,Exchange Place,92
177,Bergen Ave,Fairmount Ave,7
178,Bergen Ave,Glenwood Ave,2
179,Bergen Ave,Grand St,3
180,Bergen Ave,Grove St PATH,109
181,Bergen Ave,Hamilton Park,1
182,Bergen Ave,Harborside,2
183,Bergen Ave,Heights Elevator,3
184,Bergen Ave,Hilltop,29
185,Bergen Ave,JC Medical Center,7
186,Bergen Ave,Jackson Square,8
187,Bergen Ave,Jersey & 3rd,2
188,Bergen Ave,Jersey & 6th St,2
189,Bergen Ave,Journal Square,89
190,Bergen Ave,Lafayette Park,8
191,Bergen Ave,Liberty Light Rail,14
192,Bergen Ave,Lincoln Park,9
193,Bergen Ave,Manila & 1st,1
194,Bergen Ave,Marin Light Rail,2
195,Bergen Ave,McGinley Square,65
196,Bergen Ave,Monmouth and 6th,4
197,Bergen Ave,Montgomery St,13
198,Bergen Ave,Morris Canal,1
199,Bergen Ave,Newark Ave,22
200,Bergen Ave,Newport PATH,38
201,Bergen Ave,Newport Pkwy,18
202,Bergen Ave,Oakland Ave,3
203,Bergen Ave,Paulus Hook,6
204,Bergen Ave,Pershing Field,4
205,Bergen Ave,Prospect Pl & 6 Ave,1
206,Bergen Ave,Riverview Park,2
207,Bergen Ave,Sip Ave,1586
208,Bergen Ave,Union St,7
209,Bergen Ave,Van Vorst Park,12
210,Bergen Ave,Warren St,2
211,Bergen Ave,Washington St,8
212,Bergen Ave,York St,1
213,Bethune Center,Astor Place,2
214,Bethune Center,Bayside Park,3
215,Bethune Center,Bethune Center,2
216,Bethune Center,Columbia Park,2
217,Bethune Center,Dixon Mills,1
218,Bethune Center,Essex Light Rail,1
219,Bethune Center,Jersey & 3rd,2
220,Bethune Center,Liberty Light Rail,3
221,Bethune Center,MLK Light Rail,3
222,Bethune Center,Marin Light Rail,1
223,Bethune Center,Sip Ave,4
224,Brunswick & 6th,5 Corners Library,10
225,Brunswick & 6th,Astor Place,1
226,Brunswick & 6th,Baldwin at Montgomery,22
227,Brunswick & 6th,Brunswick & 6th,96
228,Brunswick & 6th,Brunswick St,116
229,Brunswick & 6th,Christ Hospital,11
230,Brunswick & 6th,City Hall,223
231,Brunswick & 6th,Columbia Park,1
232,Brunswick & 6th,Columbus Drive,55
233,Brunswick & 6th,Dey St,8
234,Brunswick & 6th,Dixon Mills,71
235,Brunswick & 6th,Essex Light Rail,10
236,Brunswick & 6th,Exchange Place,180
237,Brunswick & 6th,Glenwood Ave,1
238,Brunswick & 6th,Grand St,33
239,Brunswick & 6th,Grove St PATH,4265
240,Brunswick & 6th,Hamilton Park,236
241,Brunswick & 6th,Harborside,42
242,Brunswick & 6th,Heights Elevator,40
243,Brunswick & 6th,Hilltop,29
244,Brunswick & 6th,JC Medical Center,55
245,Brunswick & 6th,Jackson Square,1
246,Brunswick & 6th,Jersey & 3rd,346
247,Brunswick & 6th,Jersey & 6th St,138
248,Brunswick & 6th,Journal Square,10
249,Brunswick & 6th,Lafayette Park,7
250,Brunswick & 6th,Leonard Gordon Park,5
251,Brunswick & 6th,Liberty Light Rail,40
252,Brunswick & 6th,Lincoln Park,3
253,Brunswick & 6th,Manila & 1st,589
254,Brunswick & 6th,Marin Light Rail,171
255,Brunswick & 6th,McGinley Square,14
256,Brunswick & 6th,Monmouth and 6th,60
257,Brunswick & 6th,Montgomery St,32
258,Brunswick & 6th,Morris Canal,12
259,Brunswick & 6th,Newark Ave,511
260,Brunswick & 6th,Newport PATH,249
261,Brunswick & 6th,Newport Pkwy,47
262,Brunswick & 6th,Oakland Ave,27
263,Brunswick & 6th,Paulus Hook,29
264,Brunswick & 6th,Pershing Field,41
265,Brunswick & 6th,Riverview Park,30
266,Brunswick & 6th,Sip Ave,33
267,Brunswick & 6th,Union St,2
268,Brunswick & 6th,Van Vorst Park,121
269,Brunswick & 6th,Warren St,99
270,Brunswick & 6th,Washington St,110
271,Brunswick & 6th,West St & Chambers St,1
272,Brunswick & 6th,York St,18
273,Brunswick St,5 Corners Library,21
274,Brunswick St,Astor Place,5
275,Brunswick St,Baldwin at Montgomery,38
276,Brunswick St,Bayside Park,2
277,Brunswick St,Bergen Ave,2
278,Brunswick St,Bethune Center,1
279,Brunswick St,Brunswick & 6th,49
280,Brunswick St,Brunswick St,169
281,Brunswick St,Christ Hospital,28
282,Brunswick St,City Hall,275
283,Brunswick St,Columbus Drive,87
284,Brunswick St,Communipaw & Berry Lane,7
285,Brunswick St,Dey St,7
286,Brunswick St,Dixon Mills,76
287,Brunswick St,Essex Light Rail,53
288,Brunswick St,Exchange Place,188
289,Brunswick St,Fairmount Ave,6
290,Brunswick St,Glenwood Ave,1
291,Brunswick St,Grand St,48
292,Brunswick St,Grove St PATH,3989
293,Brunswick St,Hamilton Park,192
294,Brunswick St,Harborside,65
295,Brunswick St,Heights Elevator,11
296,Brunswick St,Hilltop,45
297,Brunswick St,JC Medical Center,59
298,Brunswick St,Jersey & 3rd,202
299,Brunswick St,Jersey & 6th St,26
300,Brunswick St,Journal Square,13
301,Brunswick St,Lafayette Park,17
302,Brunswick St,Leonard Gordon Park,5
303,Brunswick St,Liberty Light Rail,38
304,Brunswick St,Lincoln Park,10
305,Brunswick St,Manila & 1st,295
306,Brunswick St,Marin Light Rail,89
307,Brunswick St,McGinley Square,11
308,Brunswick St,Monmouth and 6th,33
309,Brunswick St,Montgomery St,34
310,Brunswick St,Morris Canal,28
311,Brunswick St,NJCU,4
312,Brunswick St,Newark Ave,371
313,Brunswick St,Newport PATH,135
314,Brunswick St,Newport Pkwy,74
315,Brunswick St,Oakland Ave,34
316,Brunswick St,Paulus Hook,52
317,Brunswick St,Pershing Field,8
318,Brunswick St,Riverview Park,33
319,Brunswick St,Sip Ave,20
320,Brunswick St,Union St,24
321,Brunswick St,Van Vorst Park,103
322,Brunswick St,W 37 St & 10 Ave,1
323,Brunswick St,Warren St,195
324,Brunswick St,Washington St,64
325,Brunswick St,West Side Light Rail,2
326,Brunswick St,York St,38
327,Christ Hospital,5 Corners Library,32
328,Christ Hospital,Baldwin at Montgomery,17
329,Christ Hospital,Bergen Ave,1
330,Christ Hospital,Brunswick & 6th,18
331,Christ Hospital,Brunswick St,48
332,Christ Hospital,Christ Hospital,56
333,Christ Hospital,City Hall,65
334,Christ Hospital,Columbus Drive,16
335,Christ Hospital,Communipaw & Berry Lane,5
336,Christ Hospital,Dey St,7
337,Christ Hospital,Dixon Mills,37
338,Christ Hospital,Essex Light Rail,19
339,Christ Hospital,Exchange Place,58
340,Christ Hospital,Fairmount Ave,3
341,Christ Hospital,Glenwood Ave,3
342,Christ Hospital,Grand St,3
343,Christ Hospital,Grove St PATH,204
344,Christ Hospital,Hamilton Park,109
345,Christ Hospital,Harborside,17
346,Christ Hospital,Heights Elevator,107
347,Christ Hospital,Hilltop,346
348,Christ Hospital,JC Medical Center,8
349,Christ Hospital,Jersey & 3rd,21
350,Christ Hospital,Jersey & 6th St,2
351,Christ Hospital,Journal Square,279
352,Christ Hospital,Lafayette Park,1
353,Christ Hospital,Leonard Gordon Park,10
354,Christ Hospital,Liberty Light Rail,5
355,Christ Hospital,Lincoln Park,6
356,Christ Hospital,Manila & 1st,51
357,Christ Hospital,Marin Light Rail,8
358,Christ Hospital,McGinley Square,13
359,Christ Hospital,Monmouth and 6th,4
360,Christ Hospital,Montgomery St,3
361,Christ Hospital,Morris Canal,3
362,Christ Hospital,NJCU,1
363,Christ Hospital,Newark Ave,89
364,Christ Hospital,Newport PATH,38
365,Christ Hospital,Newport Pkwy,34
366,Christ Hospital,Oakland Ave,22
367,Christ Hospital,Paulus Hook,45
368,Christ Hospital,Pershing Field,108
369,Christ Hospital,Riverview Park,70
370,Christ Hospital,Sip Ave,367
371,Christ Hospital,Van Vorst Park,23
372,Christ Hospital,Warren St,10
373,Christ Hospital,Washington St,23
374,Christ Hospital,West Side Light Rail,2
375,Christ Hospital,York St,3
376,City Hall,5 Corners Library,15
377,City Hall,Astor Place,40
378,City Hall,Baldwin at Montgomery,59
379,City Hall,Bayside Park,3
380,City Hall,Bergen Ave,53
381,City Hall,Brunswick & 6th,103
382,City Hall,Brunswick St,170
383,City Hall,Christ Hospital,28
384,City Hall,City Hall,418
385,City Hall,Columbus Drive,137
386,City Hall,Communipaw & Berry Lane,148
387,City Hall,Dey St,12
388,City Hall,Dixon Mills,95
389,City Hall,Essex Light Rail,302
390,City Hall,Exchange Place,692
391,City Hall,Fairmount Ave,30
392,City Hall,Garfield Ave Station,44
393,City Hall,Glenwood Ave,10
394,City Hall,Grand St,253
395,City Hall,Grove St PATH,579
396,City Hall,Hamilton Park,579
397,City Hall,Harborside,178
398,City Hall,Heights Elevator,15
399,City Hall,Hilltop,26
400,City Hall,Hudson St & Reade St,1
401,City Hall,JC Medical Center,310
402,City Hall,JCBS Depot,4
403,City Hall,Jackson Square,8
404,City Hall,Jersey & 3rd,158
405,City Hall,Jersey & 6th St,96
406,City Hall,Journal Square,12
407,City Hall,Lafayette Park,258
408,City Hall,Leonard Gordon Park,6
409,City Hall,Liberty Light Rail,503
410,City Hall,Lincoln Park,34
411,City Hall,Manila & 1st,59
412,City Hall,Marin Light Rail,687
413,City Hall,McGinley Square,33
414,City Hall,Monmouth and 6th,69
415,City Hall,Montgomery St,143
416,City Hall,Morris Canal,282
417,City Hall,Newark Ave,226
418,City Hall,Newport PATH,330
419,City Hall,Newport Pkwy,157
420,City Hall,Oakland Ave,20
421,City Hall,Paulus Hook,300
422,City Hall,Pershing Field,39
423,City Hall,Riverview Park,16
424,City Hall,Sip Ave,21
425,City Hall,Union St,9
426,City Hall,Van Vorst Park,477
427,City Hall,W 116 St & Amsterdam Ave,1
428,City Hall,Warren St,181
429,City Hall,Washington St,153
430,City Hall,York St,247
431,Columbia Park,Bayside Park,2
432,Columbia Park,Bethune Center,3
433,Columbia Park,Columbia Park,2
434,Columbia Park,Danforth Light Rail,2
435,Columbia Park,Lincoln Park,1
436,Columbia Park,McGinley Square,1
437,Columbia Park,Monmouth and 6th,1
438,Columbia Park,Sip Ave,2
439,Columbus Drive,5 Corners Library,20
440,Columbus Drive,Baldwin at Montgomery,10
441,Columbus Drive,Barclay St & Church St,1
442,Columbus Drive,Bergen Ave,1
443,Columbus Drive,Brunswick & 6th,37
444,Columbus Drive,Brunswick St,93
445,Columbus Drive,Christ Hospital,7
446,Columbus Drive,City Hall,137
447,Columbus Drive,Columbus Drive,224
448,Columbus Drive,Communipaw & Berry Lane,35
449,Columbus Drive,Dey St,11
450,Columbus Drive,Dixon Mills,48
451,Columbus Drive,Duane St & Greenwich St,1
452,Columbus Drive,Essex Light Rail,642
453,Columbus Drive,Exchange Place,501
454,Columbus Drive,Fairmount Ave,20
455,Columbus Drive,Glenwood Ave,5
456,Columbus Drive,Grand St,321
457,Columbus Drive,Grove St PATH,264
458,Columbus Drive,Hamilton Park,245
459,Columbus Drive,Harborside,498
460,Columbus Drive,Heights Elevator,9
461,Columbus Drive,Hilltop,13
462,Columbus Drive,JC Medical Center,92
463,Columbus Drive,Jersey & 3rd,124
464,Columbus Drive,Jersey & 6th St,131
465,Columbus Drive,Journal Square,4
466,Columbus Drive,Lafayette Park,25
467,Columbus Drive,Leonard Gordon Park,2
468,Columbus Drive,Liberty Light Rail,62
469,Columbus Drive,Lincoln Park,3
470,Columbus Drive,Manila & 1st,37
471,Columbus Drive,Marin Light Rail,270
472,Columbus Drive,McGinley Square,28
473,Columbus Drive,Monmouth and 6th,53
474,Columbus Drive,Montgomery St,55
475,Columbus Drive,Morris Canal,539
476,Columbus Drive,Newark Ave,232
477,Columbus Drive,Newport PATH,536
478,Columbus Drive,Newport Pkwy,417
479,Columbus Drive,Oakland Ave,7
480,Columbus Drive,Paulus Hook,381
481,Columbus Drive,Pershing Field,4
482,Columbus Drive,Riverview Park,8
483,Columbus Drive,Sip Ave,6
484,Columbus Drive,Van Vorst Park,108
485,Columbus Drive,Vesey Pl & River Terrace,1
486,Columbus Drive,W 22 St & 8 Ave,1
487,Columbus Drive,W 56 St & 10 Ave,1
488,Columbus Drive,Warren St,514
489,Columbus Drive,Washington St,302
490,Columbus Drive,York St,71
491,Communipaw & Berry Lane,Astor Place,25
492,Communipaw & Berry Lane,Baldwin at Montgomery,3
493,Communipaw & Berry Lane,Bayside Park,2
494,Communipaw & Berry Lane,Bergen Ave,1
495,Communipaw & Berry Lane,Brunswick & 6th,1
496,Communipaw & Berry Lane,Brunswick St,10
497,Communipaw & Berry Lane,Christ Hospital,4
498,Communipaw & Berry Lane,City Hall,123
499,Communipaw & Berry Lane,Columbus Drive,105
500,Communipaw & Berry Lane,Communipaw & Berry Lane,101
501,Communipaw & Berry Lane,Essex Light Rail,9
502,Communipaw & Berry Lane,Exchange Place,107
503,Communipaw & Berry Lane,Fairmount Ave,1
504,Communipaw & Berry Lane,Garfield Ave Station,8
505,Communipaw & Berry Lane,Grand St,56
506,Communipaw & Berry Lane,Grove St PATH,451
507,Communipaw & Berry Lane,Hamilton Park,7
508,Communipaw & Berry Lane,Harborside,22
509,Communipaw & Berry Lane,Heights Elevator,8
510,Communipaw & Berry Lane,JC Medical Center,17
511,Communipaw & Berry Lane,JCBS Depot,3
512,Communipaw & Berry Lane,Jackson Square,6
513,Communipaw & Berry Lane,Jersey & 3rd,5
514,Communipaw & Berry Lane,Jersey & 6th St,1
515,Communipaw & Berry Lane,Journal Square,4
516,Communipaw & Berry Lane,Lafayette Park,23
517,Communipaw & Berry Lane,Leonard Gordon Park,1
518,Communipaw & Berry Lane,Liberty Light Rail,79
519,Communipaw & Berry Lane,Lincoln Park,2
520,Communipaw & Berry Lane,Manila & 1st,8
521,Communipaw & Berry Lane,Marin Light Rail,22
522,Communipaw & Berry Lane,McGinley Square,3
523,Communipaw & Berry Lane,Monmouth and 6th,4
524,Communipaw & Berry Lane,Montgomery St,12
525,Communipaw & Berry Lane,Morris Canal,6
526,Communipaw & Berry Lane,Newark Ave,35
527,Communipaw & Berry Lane,Newport PATH,22
528,Communipaw & Berry Lane,Newport Pkwy,8
529,Communipaw & Berry Lane,Paulus Hook,9
530,Communipaw & Berry Lane,Pershing Field,8
531,Communipaw & Berry Lane,Riverview Park,1
532,Communipaw & Berry Lane,Sip Ave,23
533,Communipaw & Berry Lane,Union St,12
534,Communipaw & Berry Lane,Van Vorst Park,28
535,Communipaw & Berry Lane,W 22 St & 10 Ave,1
536,Communipaw & Berry Lane,Warren St,11
537,Communipaw & Berry Lane,Washington St,3
538,Communipaw & Berry Lane,York St,3
539,Danforth Light Rail,Bayside Park,3
540,Danforth Light Rail,Christ Hospital,1
541,Danforth Light Rail,Columbia Park,3
542,Danforth Light Rail,Communipaw & Berry Lane,2
543,Danforth Light Rail,Danforth Light Rail,3
544,Danforth Light Rail,JC Medical Center,2
545,Danforth Light Rail,JCBS Depot,1
546,Danforth Light Rail,Liberty Light Rail,1
547,Danforth Light Rail,NJCU,1
548,Danforth Light Rail,Van Vorst Park,2
549,Dey St,5 Corners Library,35
550,Dey St,Astor Place,2
551,Dey St,Baldwin at Montgomery,14
552,Dey St,Bergen Ave,3
553,Dey St,Brunswick & 6th,3
554,Dey St,Brunswick St,11
555,Dey St,Christ Hospital,6
556,Dey St,City Hall,6
557,Dey St,Columbus Drive,4
558,Dey St,Communipaw & Berry Lane,2
559,Dey St,Dey St,55
560,Dey St,Dixon Mills,3
561,Dey St,Essex Light Rail,2
562,Dey St,Exchange Place,10
563,Dey St,Fairmount Ave,4
564,Dey St,Garfield Ave Station,1
565,Dey St,Glenwood Ave,8
566,Dey St,Grove St PATH,14
567,Dey St,Hamilton Park,26
568,Dey St,Heights Elevator,15
569,Dey St,Hilltop,14
570,Dey St,JC Medical Center,3
571,Dey St,Jersey & 6th St,5
572,Dey St,Journal Square,402
573,Dey St,Leonard Gordon Park,33
574,Dey St,Liberty Light Rail,5
575,Dey St,Lincoln Park,45
576,Dey St,Manila & 1st,4
577,Dey St,Marin Light Rail,1
578,Dey St,McGinley Square,10
579,Dey St,Monmouth and 6th,7
580,Dey St,Montgomery St,2
581,Dey St,Newark Ave,20
582,Dey St,Newport PATH,14
583,Dey St,Newport Pkwy,6
584,Dey St,Oakland Ave,8
585,Dey St,Paulus Hook,4
586,Dey St,Pershing Field,81
587,Dey St,Riverview Park,10
588,Dey St,Sip Ave,167
589,Dey St,Union St,3
590,Dey St,Van Vorst Park,7
591,Dey St,Warren St,3
592,Dey St,Washington St,90
593,Dixon Mills,5 Corners Library,5
594,Dixon Mills,Astor Place,2
595,Dixon Mills,Baldwin at Montgomery,41
596,Dixon Mills,Bergen Ave,8
597,Dixon Mills,Brunswick & 6th,155
598,Dixon Mills,Brunswick St,70
599,Dixon Mills,Christ Hospital,15
600,Dixon Mills,City Hall,140
601,Dixon Mills,Columbus Drive,95
602,Dixon Mills,Communipaw & Berry Lane,11
603,Dixon Mills,Dey St,1
604,Dixon Mills,Dixon Mills,147
605,Dixon Mills,Essex Light Rail,38
606,Dixon Mills,Exchange Place,250
607,Dixon Mills,Fairmount Ave,3
608,Dixon Mills,Glenwood Ave,3
609,Dixon Mills,Grand St,59
610,Dixon Mills,Grove St PATH,3280
611,Dixon Mills,Hamilton Park,89
612,Dixon Mills,Harborside,155
613,Dixon Mills,Hilltop,12
614,Dixon Mills,JC Medical Center,94
615,Dixon Mills,Jackson Square,1
616,Dixon Mills,Jersey & 3rd,93
617,Dixon Mills,Jersey & 6th St,13
618,Dixon Mills,Journal Square,6
619,Dixon Mills,Lafayette Park,13
620,Dixon Mills,Leonard Gordon Park,3
621,Dixon Mills,Liberty Light Rail,26
622,Dixon Mills,Lincoln Park,14
623,Dixon Mills,Manila & 1st,66
624,Dixon Mills,Marin Light Rail,63
625,Dixon Mills,McGinley Square,14
626,Dixon Mills,Monmouth and 6th,37
627,Dixon Mills,Montgomery St,37
628,Dixon Mills,Morris Canal,32
629,Dixon Mills,NJCU,1
630,Dixon Mills,Newark Ave,227
631,Dixon Mills,Newport PATH,48
632,Dixon Mills,Newport Pkwy,31
633,Dixon Mills,Oakland Ave,26
634,Dixon Mills,Paulus Hook,70
635,Dixon Mills,Pershing Field,12
636,Dixon Mills,Riverview Park,2
637,Dixon Mills,Sip Ave,4
638,Dixon Mills,Van Vorst Park,106
639,Dixon Mills,Warren St,57
640,Dixon Mills,Washington St,62
641,Dixon Mills,York St,20
642,Essex Light Rail,5 Corners Library,5
643,Essex Light Rail,6 Ave & Canal St,1
644,Essex Light Rail,Astor Place,1
645,Essex Light Rail,Atlantic Ave & Furman St,2
646,Essex Light Rail,Baldwin at Montgomery,25
647,Essex Light Rail,Bergen Ave,2
648,Essex Light Rail,Bethune Center,2
649,Essex Light Rail,Brunswick & 6th,35
650,Essex Light Rail,Brunswick St,31
651,Essex Light Rail,Christ Hospital,6
652,Essex Light Rail,City Hall,266
653,Essex Light Rail,Columbus Drive,368
654,Essex Light Rail,Communipaw & Berry Lane,8
655,Essex Light Rail,Dey St,2
656,Essex Light Rail,Dixon Mills,31
657,Essex Light Rail,Essex Light Rail,251
658,Essex Light Rail,Exchange Place,1750
659,Essex Light Rail,Garfield Ave Station,1
660,Essex Light Rail,Glenwood Ave,1
661,Essex Light Rail,Grand St,48
662,Essex Light Rail,Grove St PATH,461
663,Essex Light Rail,Hamilton Park,168
664,Essex Light Rail,Harborside,140
665,Essex Light Rail,Heights Elevator,17
666,Essex Light Rail,Henry St & Atlantic Ave,1
667,Essex Light Rail,Hilltop,24
668,Essex Light Rail,JC Medical Center,112
669,Essex Light Rail,Jackson Square,1
670,Essex Light Rail,Jersey & 3rd,39
671,Essex Light Rail,Jersey & 6th St,12
672,Essex Light Rail,Journal Square,10
673,Essex Light Rail,Lafayette Park,8
674,Essex Light Rail,Leonard Gordon Park,2
675,Essex Light Rail,Liberty Light Rail,285
676,Essex Light Rail,Lincoln Park,3
677,Essex Light Rail,Manila & 1st,70
678,Essex Light Rail,Marin Light Rail,354
679,Essex Light Rail,McGinley Square,5
680,Essex Light Rail,Monmouth and 6th,8
681,Essex Light Rail,Montgomery St,20
682,Essex Light Rail,Morris Canal,247
683,Essex Light Rail,Newark Ave,149
684,Essex Light Rail,Newport PATH,323
685,Essex Light Rail,Newport Pkwy,240
686,Essex Light Rail,Oakland Ave,8
687,Essex Light Rail,Paulus Hook,212
688,Essex Light Rail,Pershing Field,5
689,Essex Light Rail,Riverview Park,5
690,Essex Light Rail,Sip Ave,2
691,Essex Light Rail,Union St,1
692,Essex Light Rail,Van Vorst Park,71
693,Essex Light Rail,Vesey Pl & River Terrace,3
694,Essex Light Rail,Warren St,338
695,Essex Light Rail,Washington St,232
696,Essex Light Rail,York St,28
697,Exchange Place,5 Corners Library,37
698,Exchange Place,6 Ave & W 33 St,1
699,Exchange Place,8 Ave & W 52 St,4
700,Exchange Place,Amsterdam Ave & W 125 St,2
701,Exchange Place,Astor Place,3
702,Exchange Place,Baldwin at Montgomery,48
703,Exchange Place,Bayside Park,1
704,Exchange Place,Bergen Ave,5
705,Exchange Place,Brunswick & 6th,150
706,Exchange Place,Brunswick St,80
707,Exchange Place,Christ Hospital,42
708,Exchange Place,City Hall,551
709,Exchange Place,Columbus Drive,416
710,Exchange Place,Communipaw & Berry Lane,58
711,Exchange Place,Danforth Light Rail,1
712,Exchange Place,Dey St,16
713,Exchange Place,Dixon Mills,127
714,Exchange Place,Essex Light Rail,1611
715,Exchange Place,Exchange Place,645
716,Exchange Place,Fairmount Ave,11
717,Exchange Place,Garfield Ave Station,14
718,Exchange Place,Glenwood Ave,25
719,Exchange Place,Grand St,439
720,Exchange Place,Grove St PATH,815
721,Exchange Place,Hamilton Park,422
722,Exchange Place,Harborside,850
723,Exchange Place,Heights Elevator,73
724,Exchange Place,Hilltop,34
725,Exchange Place,JC Medical Center,131
726,Exchange Place,JCBS Depot,3
727,Exchange Place,Jackson Square,10
728,Exchange Place,Jersey & 3rd,209
729,Exchange Place,Jersey & 6th St,191
730,Exchange Place,Journal Square,40
731,Exchange Place,Lafayette Park,91
732,Exchange Place,Leonard Gordon Park,267
733,Exchange Place,Liberty Light Rail,656
734,Exchange Place,Lincoln Park,6
735,Exchange Place,Manila & 1st,226
736,Exchange Place,Marin Light Rail,1084
737,Exchange Place,McGinley Square,75
738,Exchange Place,Monmouth and 6th,151
739,Exchange Place,Montgomery St,66
740,Exchange Place,Morris Canal,3319
741,Exchange Place,NJCU,1
742,Exchange Place,Newark Ave,241
743,Exchange Place,Newport PATH,878
744,Exchange Place,Newport Pkwy,1125
745,Exchange Place,Oakland Ave,81
746,Exchange Place,Paulus Hook,620
747,Exchange Place,Pershing Field,47
748,Exchange Place,Riverview Park,54
749,Exchange Place,Sip Ave,41
750,Exchange Place,South End Ave & Liberty St,2
751,Exchange Place,Union St,8
752,Exchange Place,Van Vorst Park,474
753,Exchange Place,Warren St,1329
754,Exchange Place,Washington St,582
755,Exchange Place,York St,481
756,Fairmount Ave,5 Corners Library,43
757,Fairmount Ave,Astor Place,14
758,Fairmount Ave,Baldwin at Montgomery,30
759,Fairmount Ave,Bergen Ave,14
760,Fairmount Ave,Brunswick & 6th,1
761,Fairmount Ave,Brunswick St,13
762,Fairmount Ave,Christ Hospital,4
763,Fairmount Ave,City Hall,43
764,Fairmount Ave,Columbus Drive,2
765,Fairmount Ave,Communipaw & Berry Lane,3
766,Fairmount Ave,Dey St,8
767,Fairmount Ave,Essex Light Rail,1
768,Fairmount Ave,Exchange Place,64
769,Fairmount Ave,Fairmount Ave,54
770,Fairmount Ave,Glenwood Ave,13
771,Fairmount Ave,Grand St,12
772,Fairmount Ave,Grove St PATH,94
773,Fairmount Ave,Hamilton Park,9
774,Fairmount Ave,Harborside,11
775,Fairmount Ave,Heights Elevator,4
776,Fairmount Ave,Hilltop,32
777,Fairmount Ave,JC Medical Center,2
778,Fairmount Ave,Jackson Square,3
779,Fairmount Ave,Jersey & 3rd,2
780,Fairmount Ave,Jersey & 6th St,2
781,Fairmount Ave,Journal Square,76
782,Fairmount Ave,Lafayette Park,5
783,Fairmount Ave,Leonard Gordon Park,5
784,Fairmount Ave,Liberty Light Rail,14
785,Fairmount Ave,Lincoln Park,73
786,Fairmount Ave,Manila & 1st,23
787,Fairmount Ave,Marin Light Rail,1
788,Fairmount Ave,McGinley Square,43
789,Fairmount Ave,Monmouth and 6th,2
790,Fairmount Ave,Montgomery St,10
791,Fairmount Ave,Morris Canal,4
792,Fairmount Ave,Newark Ave,9
793,Fairmount Ave,Newport PATH,36
794,Fairmount Ave,Newport Pkwy,5
795,Fairmount Ave,Oakland Ave,5
796,Fairmount Ave,Paulus Hook,14
797,Fairmount Ave,Pershing Field,3
798,Fairmount Ave,Riverview Park,4
799,Fairmount Ave,Sip Ave,1648
800,Fairmount Ave,Union St,18
801,Fairmount Ave,Van Vorst Park,36
802,Fairmount Ave,Warren St,7
803,Fairmount Ave,Washington St,8
804,Fairmount Ave,West Side Light Rail,2
805,Fairmount Ave,York St,3
806,Garfield Ave Station,Astor Place,2
807,Garfield Ave Station,Baldwin at Montgomery,1
808,Garfield Ave Station,Bayside Park,1
809,Garfield Ave Station,Bethune Center,2
810,Garfield Ave Station,City Hall,8
811,Garfield Ave Station,Columbus Drive,5
812,Garfield Ave Station,Communipaw & Berry Lane,3
813,Garfield Ave Station,Danforth Light Rail,1
814,Garfield Ave Station,Essex Light Rail,1
815,Garfield Ave Station,Exchange Place,21
816,Garfield Ave Station,Garfield Ave Station,11
817,Garfield Ave Station,Grove St PATH,75
818,Garfield Ave Station,Hamilton Park,2
819,Garfield Ave Station,Harborside,3
820,Garfield Ave Station,JC Medical Center,2
821,Garfield Ave Station,Jersey & 6th St,1
822,Garfield Ave Station,Lafayette Park,3
823,Garfield Ave Station,Liberty Light Rail,5
824,Garfield Ave Station,MLK Light Rail,1
825,Garfield Ave Station,Manila & 1st,2
826,Garfield Ave Station,Newport PATH,2
827,Garfield Ave Station,Newport Pkwy,1
828,Garfield Ave Station,Sip Ave,1
829,Garfield Ave Station,Warren St,1
830,Glenwood Ave,5 Corners Library,9
831,Glenwood Ave,Astor Place,2
832,Glenwood Ave,Baldwin at Montgomery,9
833,Glenwood Ave,Bergen Ave,2
834,Glenwood Ave,Brunswick & 6th,4
835,Glenwood Ave,Brunswick St,7
836,Glenwood Ave,City Hall,18
837,Glenwood Ave,Columbus Drive,3
838,Glenwood Ave,Dey St,5
839,Glenwood Ave,Dixon Mills,3
840,Glenwood Ave,Essex Light Rail,1
841,Glenwood Ave,Exchange Place,69
842,Glenwood Ave,Fairmount Ave,27
843,Glenwood Ave,Glenwood Ave,34
844,Glenwood Ave,Grand St,11
845,Glenwood Ave,Grove St PATH,20
846,Glenwood Ave,Hamilton Park,4
847,Glenwood Ave,Harborside,5
848,Glenwood Ave,Hilltop,21
849,Glenwood Ave,JC Medical Center,5
850,Glenwood Ave,JCBS Depot,1
851,Glenwood Ave,Jackson Square,6
852,Glenwood Ave,Jersey & 3rd,2
853,Glenwood Ave,Jersey & 6th St,3
854,Glenwood Ave,Journal Square,52
855,Glenwood Ave,Liberty Light Rail,13
856,Glenwood Ave,Lincoln Park,58
857,Glenwood Ave,Manila & 1st,50
858,Glenwood Ave,Marin Light Rail,1
859,Glenwood Ave,McGinley Square,23
860,Glenwood Ave,Monmouth and 6th,4
861,Glenwood Ave,Montgomery St,14
862,Glenwood Ave,Morris Canal,2
863,Glenwood Ave,Newark Ave,8
864,Glenwood Ave,Newport PATH,8
865,Glenwood Ave,Newport Pkwy,24
866,Glenwood Ave,Oakland Ave,3
867,Glenwood Ave,Paulus Hook,44
868,Glenwood Ave,Pershing Field,8
869,Glenwood Ave,Riverview Park,1
870,Glenwood Ave,Sip Ave,526
871,Glenwood Ave,Union St,23
872,Glenwood Ave,Van Vorst Park,13
873,Glenwood Ave,Warren St,5
874,Glenwood Ave,Washington St,4
875,Glenwood Ave,York St,4
876,Grand St,12 Ave & W 40 St,2
877,Grand St,5 Corners Library,2
878,Grand St,Astor Place,1
879,Grand St,Baldwin at Montgomery,13
880,Grand St,Bergen Ave,1
881,Grand St,Broadway & Battery Pl,1
882,Grand St,Brunswick & 6th,15
883,Grand St,Brunswick St,52
884,Grand St,Christ Hospital,3
885,Grand St,City Hall,191
886,Grand St,Columbus Drive,518
887,Grand St,Communipaw & Berry Lane,78
888,Grand St,Dixon Mills,45
889,Grand St,Essex Light Rail,56
890,Grand St,Exchange Place,434
891,Grand St,Fairmount Ave,4
892,Grand St,Glenwood Ave,5
893,Grand St,Grand St,319
894,Grand St,Grove St PATH,539
895,Grand St,Hamilton Park,103
896,Grand St,Harborside,272
897,Grand St,Heights Elevator,4
898,Grand St,Hilltop,12
899,Grand St,Hudson St & Reade St,1
900,Grand St,JC Medical Center,87
901,Grand St,Jackson Square,1
902,Grand St,Jersey & 3rd,49
903,Grand St,Jersey & 6th St,16
904,Grand St,Journal Square,7
905,Grand St,Lafayette Park,10
906,Grand St,Leonard Gordon Park,3
907,Grand St,Liberty Light Rail,36
908,Grand St,Lincoln Park,4
909,Grand St,Manila & 1st,46
910,Grand St,Marin Light Rail,115
911,Grand St,McGinley Square,13
912,Grand St,Monmouth and 6th,20
913,Grand St,Montgomery St,31
914,Grand St,Morris Canal,122
915,Grand St,Newark Ave,85
916,Grand St,Newport PATH,212
917,Grand St,Newport Pkwy,97
918,Grand St,Oakland Ave,7
919,Grand St,Paulus Hook,105
920,Grand St,Pershing Field,4
921,Grand St,Riverview Park,4
922,Grand St,S Portland Ave & Hanson Pl,1
923,Grand St,Sip Ave,1
924,Grand St,South End Ave & Liberty St,1
925,Grand St,Union St,5
926,Grand St,Van Vorst Park,85
927,Grand St,Vesey Pl & River Terrace,2
928,Grand St,W 15 St & 7 Ave,2
929,Grand St,Warren St,174
930,Grand St,Washington St,201
931,Grand St,York St,35
932,Grove St PATH,5 Corners Library,63
933,Grove St PATH,Astor Place,35
934,Grove St PATH,Baldwin at Montgomery,195
935,Grove St PATH,Bayside Park,1
936,Grove St PATH,Bergen Ave,14
937,Grove St PATH,Bethune Center,1
938,Grove St PATH,Broadway & W 29 St,1
939,Grove St PATH,Brunswick & 6th,3029
940,Grove St PATH,Brunswick St,2883
941,Grove St PATH,Christ Hospital,41
942,Grove St PATH,City Hall,596
943,Grove St PATH,Columbus Drive,219
944,Grove St PATH,Communipaw & Berry Lane,405
945,Grove St PATH,Danforth Light Rail,1
946,Grove St PATH,Dey St,8
947,Grove St PATH,Dixon Mills,3023
948,Grove St PATH,Essex Light Rail,531
949,Grove St PATH,Exchange Place,701
950,Grove St PATH,Fairmount Ave,88
951,Grove St PATH,Garfield Ave Station,54
952,Grove St PATH,Glenwood Ave,16
953,Grove St PATH,Grand St,423
954,Grove St PATH,Grove St PATH,567
955,Grove St PATH,Hamilton Park,5871
956,Grove St PATH,Harborside,609
957,Grove St PATH,Heights Elevator,31
958,Grove St PATH,Hilltop,66
959,Grove St PATH,JC Medical Center,1354
960,Grove St PATH,JCBS Depot,75
961,Grove St PATH,Jackson Square,16
962,Grove St PATH,Jersey & 3rd,1777
963,Grove St PATH,Jersey & 6th St,2490
964,Grove St PATH,Journal Square,20
965,Grove St PATH,Lafayette Park,554
966,Grove St PATH,Leonard Gordon Park,20
967,Grove St PATH,Liberty Light Rail,1512
968,Grove St PATH,Lincoln Park,52
969,Grove St PATH,Manila & 1st,276
970,Grove St PATH,Marin Light Rail,3081
971,Grove St PATH,McGinley Square,149
972,Grove St PATH,Monmouth and 6th,2717
973,Grove St PATH,Montgomery St,787
974,Grove St PATH,Morris Canal,859
975,Grove St PATH,NJCU,2
976,Grove St PATH,Newark Ave,1010
977,Grove St PATH,Newport PATH,497
978,Grove St PATH,Newport Pkwy,281
979,Grove St PATH,Oakland Ave,55
980,Grove St PATH,Paulus Hook,340
981,Grove St PATH,Pershing Field,50
982,Grove St PATH,Riverview Park,48
983,Grove St PATH,Sip Ave,44
984,Grove St PATH,Union St,16
985,Grove St PATH,Van Vorst Park,2172
986,Grove St PATH,Vesey Pl & River Terrace,2
987,Grove St PATH,Warren St,517
988,Grove St PATH,Washington St,234
989,Grove St PATH,West St & Chambers St,1
990,Grove St PATH,York St,451
991,Hamilton Park,12 Ave & W 40 St,2
992,Hamilton Park,5 Corners Library,15
993,Hamilton Park,Astor Place,5
994,Hamilton Park,Baldwin at Montgomery,17
995,Hamilton Park,Bergen Ave,5
996,Hamilton Park,Brunswick & 6th,195
997,Hamilton Park,Brunswick St,235
998,Hamilton Park,Christ Hospital,12
999,Hamilton Park,City Hall,541
1000,Hamilton Park,Columbus Drive,294
1001,Hamilton Park,Communipaw & Berry Lane,10
1002,Hamilton Park,Dey St,4
1003,Hamilton Park,Dixon Mills,69
1004,Hamilton Park,Essex Light Rail,161
1005,Hamilton Park,Exchange Place,670
1006,Hamilton Park,Fairmount Ave,11
1007,Hamilton Park,Grand St,95
1008,Hamilton Park,Grove St PATH,7874
1009,Hamilton Park,Hamilton Park,695
1010,Hamilton Park,Harborside,969
1011,Hamilton Park,Heights Elevator,88
1012,Hamilton Park,Hilltop,34
1013,Hamilton Park,JC Medical Center,190
1014,Hamilton Park,Jersey & 3rd,946
1015,Hamilton Park,Jersey & 6th St,223
1016,Hamilton Park,Journal Square,22
1017,Hamilton Park,Lafayette Park,10
1018,Hamilton Park,Leonard Gordon Park,2
1019,Hamilton Park,Liberty Light Rail,51
1020,Hamilton Park,Lincoln Park,29
1021,Hamilton Park,Manila & 1st,1694
1022,Hamilton Park,Marin Light Rail,163
1023,Hamilton Park,McGinley Square,17
1024,Hamilton Park,Mercer St & Spring St,2
1025,Hamilton Park,Monmouth and 6th,77
1026,Hamilton Park,Montgomery St,54
1027,Hamilton Park,Morris Canal,67
1028,Hamilton Park,Newark Ave,1219
1029,Hamilton Park,Newport PATH,2147
1030,Hamilton Park,Newport Pkwy,435
1031,Hamilton Park,Oakland Ave,14
1032,Hamilton Park,Paulus Hook,339
1033,Hamilton Park,Pershing Field,4
1034,Hamilton Park,Riverview Park,18
1035,Hamilton Park,Sip Ave,64
1036,Hamilton Park,Union St,1
1037,Hamilton Park,Van Vorst Park,331
1038,Hamilton Park,Vesey Pl & River Terrace,1
1039,Hamilton Park,Warren St,439
1040,Hamilton Park,Washington St,251
1041,Hamilton Park,York St,56
1042,Harborside,5 Corners Library,23
1043,Harborside,Astor Place,2
1044,Harborside,Baldwin at Montgomery,20
1045,Harborside,Bergen Ave,3
1046,Harborside,Broadway & Battery Pl,3
1047,Harborside,Brunswick & 6th,76
1048,Harborside,Brunswick St,86
1049,Harborside,Christ Hospital,12
1050,Harborside,City Hall,216
1051,Harborside,Columbus Drive,356
1052,Harborside,Communipaw & Berry Lane,31
1053,Harborside,Dey St,2
1054,Harborside,Dixon Mills,117
1055,Harborside,Essex Light Rail,173
1056,Harborside,Exchange Place,1302
1057,Harborside,Fairmount Ave,54
1058,Harborside,Garfield Ave Station,2
1059,Harborside,Glenwood Ave,1
1060,Harborside,Grand St,241
1061,Harborside,Grove St PATH,647
1062,Harborside,Hamilton Park,820
1063,Harborside,Harborside,590
1064,Harborside,Heights Elevator,44
1065,Harborside,Hilltop,68
1066,Harborside,JC Medical Center,116
1067,Harborside,JCBS Depot,1
1068,Harborside,Jackson Square,2
1069,Harborside,Jersey & 3rd,192
1070,Harborside,Jersey & 6th St,88
1071,Harborside,Journal Square,42
1072,Harborside,Lafayette Park,20
1073,Harborside,Leonard Gordon Park,9
1074,Harborside,Liberty Light Rail,270
1075,Harborside,Lincoln Park,4
1076,Harborside,MLK Light Rail,1
1077,Harborside,Manila & 1st,172
1078,Harborside,Marin Light Rail,274
1079,Harborside,McGinley Square,78
1080,Harborside,Monmouth and 6th,106
1081,Harborside,Montgomery St,39
1082,Harborside,Morris Canal,269
1083,Harborside,Newark Ave,339
1084,Harborside,Newport PATH,2582
1085,Harborside,Newport Pkwy,718
1086,Harborside,Oakland Ave,37
1087,Harborside,Paulus Hook,269
1088,Harborside,Pershing Field,21
1089,Harborside,Riverview Park,12
1090,Harborside,Sip Ave,134
1091,Harborside,Union St,2
1092,Harborside,Van Vorst Park,249
1093,Harborside,Vesey Pl & River Terrace,2
1094,Harborside,W 59 St & 10 Ave,1
1095,Harborside,Warren St,527
1096,Harborside,Washington St,499
1097,Harborside,Water - Whitehall Plaza,2
1098,Harborside,York St,139
1099,Heights Elevator,11 Ave & W 41 St,2
1100,Heights Elevator,12 Ave & W 40 St,2
1101,Heights Elevator,5 Corners Library,30
1102,Heights Elevator,Astor Place,4
1103,Heights Elevator,Baldwin at Montgomery,2
1104,Heights Elevator,Bergen Ave,1
1105,Heights Elevator,Broadway & Battery Pl,4
1106,Heights Elevator,Broadway & Moylan Pl,1
1107,Heights Elevator,Brunswick & 6th,76
1108,Heights Elevator,Brunswick St,44
1109,Heights Elevator,Christ Hospital,67
1110,Heights Elevator,City Hall,12
1111,Heights Elevator,Columbus Drive,9
1112,Heights Elevator,Communipaw & Berry Lane,3
1113,Heights Elevator,Dey St,15
1114,Heights Elevator,Dixon Mills,6
1115,Heights Elevator,Essex Light Rail,22
1116,Heights Elevator,Exchange Place,53
1117,Heights Elevator,Fairmount Ave,2
1118,Heights Elevator,Glenwood Ave,1
1119,Heights Elevator,Grand St,3
1120,Heights Elevator,Grove St PATH,73
1121,Heights Elevator,Hamilton Park,91
1122,Heights Elevator,Harborside,30
1123,Heights Elevator,Heights Elevator,155
1124,Heights Elevator,Hilltop,125
1125,Heights Elevator,JC Medical Center,6
1126,Heights Elevator,Jackson Square,1
1127,Heights Elevator,Jersey & 3rd,12
1128,Heights Elevator,Jersey & 6th St,22
1129,Heights Elevator,Journal Square,63
1130,Heights Elevator,Lafayette Park,3
1131,Heights Elevator,Leonard Gordon Park,134
1132,Heights Elevator,Liberty Light Rail,18
1133,Heights Elevator,Lincoln Park,1
1134,Heights Elevator,Manila & 1st,15
1135,Heights Elevator,Marin Light Rail,48
1136,Heights Elevator,McGinley Square,5
1137,Heights Elevator,Monmouth and 6th,14
1138,Heights Elevator,Montgomery St,4
1139,Heights Elevator,Morris Canal,8
1140,Heights Elevator,Newark Ave,80
1141,Heights Elevator,Newport PATH,166
1142,Heights Elevator,Newport Pkwy,110
1143,Heights Elevator,Oakland Ave,86
1144,Heights Elevator,Paulus Hook,3
1145,Heights Elevator,Pershing Field,148
1146,Heights Elevator,Pier 40 - Hudson River Park,1
1147,Heights Elevator,Riverview Park,570
1148,Heights Elevator,Sip Ave,142
1149,Heights Elevator,Union St,2
1150,Heights Elevator,Van Vorst Park,6
1151,Heights Elevator,Vesey Pl & River Terrace,3
1152,Heights Elevator,W 46 St & 11 Ave,1
1153,Heights Elevator,Warren St,21
1154,Heights Elevator,Washington St,39
1155,Heights Elevator,West Side Light Rail,1
1156,Heights Elevator,York St,1
1157,Hilltop,5 Corners Library,30
1158,Hilltop,Astor Place,27
1159,Hilltop,Baldwin at Montgomery,112
1160,Hilltop,Bergen Ave,25
1161,Hilltop,Brunswick & 6th,56
1162,Hilltop,Brunswick St,137
1163,Hilltop,Christ Hospital,195
1164,Hilltop,City Hall,28
1165,Hilltop,Columbus Drive,26
1166,Hilltop,Communipaw & Berry Lane,8
1167,Hilltop,Dey St,48
1168,Hilltop,Dixon Mills,21
1169,Hilltop,Essex Light Rail,152
1170,Hilltop,Exchange Place,118
1171,Hilltop,Fairmount Ave,22
1172,Hilltop,Glenwood Ave,8
1173,Hilltop,Grand St,10
1174,Hilltop,Grove St PATH,175
1175,Hilltop,Hamilton Park,102
1176,Hilltop,Harborside,103
1177,Hilltop,Heights Elevator,62
1178,Hilltop,Hilltop,110
1179,Hilltop,JC Medical Center,44
1180,Hilltop,JCBS Depot,1
1181,Hilltop,Jackson Square,3
1182,Hilltop,Jersey & 3rd,49
1183,Hilltop,Jersey & 6th St,47
1184,Hilltop,Journal Square,95
1185,Hilltop,Lafayette Park,5
1186,Hilltop,Leonard Gordon Park,14
1187,Hilltop,Liberty Light Rail,16
1188,Hilltop,Lincoln Park,30
1189,Hilltop,Manila & 1st,81
1190,Hilltop,Marin Light Rail,24
1191,Hilltop,McGinley Square,35
1192,Hilltop,Monmouth and 6th,24
1193,Hilltop,Montgomery St,16
1194,Hilltop,Morris Canal,13
1195,Hilltop,Newark Ave,165
1196,Hilltop,Newport PATH,154
1197,Hilltop,Newport Pkwy,26
1198,Hilltop,Oakland Ave,170
1199,Hilltop,Paulus Hook,23
1200,Hilltop,Pershing Field,132
1201,Hilltop,Riverview Park,29
1202,Hilltop,Sip Ave,107
1203,Hilltop,Union St,12
1204,Hilltop,Van Vorst Park,34
1205,Hilltop,Warren St,48
1206,Hilltop,Washington St,47
1207,Hilltop,West Side Light Rail,1
1208,Hilltop,York St,56
1209,JC Medical Center,5 Corners Library,8
1210,JC Medical Center,Astor Place,12
1211,JC Medical Center,Baldwin at Montgomery,34
1212,JC Medical Center,Bayside Park,2
1213,JC Medical Center,Bergen Ave,6
1214,JC Medical Center,Brunswick & 6th,48
1215,JC Medical Center,Brunswick St,56
1216,JC Medical Center,Christ Hospital,6
1217,JC Medical Center,City Hall,298
1218,JC Medical Center,Columbus Drive,60
1219,JC Medical Center,Communipaw & Berry Lane,21
1220,JC Medical Center,Danforth Light Rail,2
1221,JC Medical Center,Dey St,1
1222,JC Medical Center,Dixon Mills,71
1223,JC Medical Center,Essex Light Rail,134
1224,JC Medical Center,Exchange Place,199
1225,JC Medical Center,Garfield Ave Station,1
1226,JC Medical Center,Glenwood Ave,2
1227,JC Medical Center,Grand St,64
1228,JC Medical Center,Grove St PATH,1126
1229,JC Medical Center,Hamilton Park,207
1230,JC Medical Center,Harborside,111
1231,JC Medical Center,Heights Elevator,2
1232,JC Medical Center,Hilltop,24
1233,JC Medical Center,JC Medical Center,462
1234,JC Medical Center,Jackson Square,5
1235,JC Medical Center,Jersey & 3rd,108
1236,JC Medical Center,Jersey & 6th St,92
1237,JC Medical Center,Journal Square,2
1238,JC Medical Center,Lafayette Park,80
1239,JC Medical Center,Leonard Gordon Park,1
1240,JC Medical Center,Liberty Light Rail,229
1241,JC Medical Center,Lincoln Park,4
1242,JC Medical Center,MLK Light Rail,1
1243,JC Medical Center,Manila & 1st,108
1244,JC Medical Center,Marin Light Rail,137
1245,JC Medical Center,McGinley Square,13
1246,JC Medical Center,Monmouth and 6th,30
1247,JC Medical Center,Montgomery St,29
1248,JC Medical Center,Morris Canal,153
1249,JC Medical Center,Newark Ave,376
1250,JC Medical Center,Newport PATH,57
1251,JC Medical Center,Newport Pkwy,66
1252,JC Medical Center,Oakland Ave,11
1253,JC Medical Center,Paulus Hook,206
1254,JC Medical Center,Pershing Field,4
1255,JC Medical Center,Riverview Park,7
1256,JC Medical Center,Sip Ave,5
1257,JC Medical Center,Union St,3
1258,JC Medical Center,Van Vorst Park,156
1259,JC Medical Center,Warren St,127
1260,JC Medical Center,Washington St,58
1261,JC Medical Center,York St,21
1262,JCBS Depot,Grove St PATH,1
1263,JCBS Depot,Hamilton Park,1
1264,JCBS Depot,JCBS Depot,49
1265,JCBS Depot,Lafayette Park,2
1266,Jackson Square,5 Corners Library,4
1267,Jackson Square,Astor Place,15
1268,Jackson Square,Baldwin at Montgomery,1
1269,Jackson Square,Bergen Ave,3
1270,Jackson Square,Brunswick & 6th,1
1271,Jackson Square,City Hall,10
1272,Jackson Square,Columbus Drive,1
1273,Jackson Square,Communipaw & Berry Lane,8
1274,Jackson Square,Dey St,1
1275,Jackson Square,Dixon Mills,3
1276,Jackson Square,Exchange Place,74
1277,Jackson Square,Glenwood Ave,5
1278,Jackson Square,Grand St,5
1279,Jackson Square,Grove St PATH,17
1280,Jackson Square,Hamilton Park,6
1281,Jackson Square,Harborside,1
1282,Jackson Square,Heights Elevator,3
1283,Jackson Square,Hilltop,8
1284,Jackson Square,JC Medical Center,7
1285,Jackson Square,Jackson Square,27
1286,Jackson Square,Journal Square,2
1287,Jackson Square,Lafayette Park,4
1288,Jackson Square,Liberty Light Rail,10
1289,Jackson Square,Lincoln Park,11
1290,Jackson Square,Manila & 1st,2
1291,Jackson Square,Marin Light Rail,2
1292,Jackson Square,McGinley Square,39
1293,Jackson Square,Montgomery St,1
1294,Jackson Square,Morris Canal,1
1295,Jackson Square,Newark Ave,13
1296,Jackson Square,Newport PATH,5
1297,Jackson Square,Newport Pkwy,7
1298,Jackson Square,Paulus Hook,2
1299,Jackson Square,Riverview Park,1
1300,Jackson Square,Sip Ave,76
1301,Jackson Square,Union St,17
1302,Jackson Square,Van Vorst Park,2
1303,Jackson Square,Washington St,1
1304,Jersey & 3rd,5 Corners Library,4
1305,Jersey & 3rd,Astor Place,1
1306,Jersey & 3rd,Baldwin at Montgomery,12
1307,Jersey & 3rd,Bergen Ave,4
1308,Jersey & 3rd,Brunswick & 6th,603
1309,Jersey & 3rd,Brunswick St,276
1310,Jersey & 3rd,Christ Hospital,6
1311,Jersey & 3rd,City Hall,179
1312,Jersey & 3rd,Columbus Drive,138
1313,Jersey & 3rd,Communipaw & Berry Lane,8
1314,Jersey & 3rd,Dey St,2
1315,Jersey & 3rd,Dixon Mills,146
1316,Jersey & 3rd,Essex Light Rail,26
1317,Jersey & 3rd,Exchange Place,232
1318,Jersey & 3rd,Fairmount Ave,4
1319,Jersey & 3rd,Garfield Ave Station,1
1320,Jersey & 3rd,Grand St,42
1321,Jersey & 3rd,Grove St PATH,1399
1322,Jersey & 3rd,Hamilton Park,1623
1323,Jersey & 3rd,Harborside,147
1324,Jersey & 3rd,Heights Elevator,27
1325,Jersey & 3rd,Hilltop,13
1326,Jersey & 3rd,JC Medical Center,156
1327,Jersey & 3rd,Jersey & 3rd,168
1328,Jersey & 3rd,Jersey & 6th St,444
1329,Jersey & 3rd,Journal Square,1
1330,Jersey & 3rd,Lafayette Park,15
1331,Jersey & 3rd,Liberty Light Rail,107
1332,Jersey & 3rd,Lincoln Park,6
1333,Jersey & 3rd,Manila & 1st,209
1334,Jersey & 3rd,Marin Light Rail,71
1335,Jersey & 3rd,McGinley Square,4
1336,Jersey & 3rd,Monmouth and 6th,544
1337,Jersey & 3rd,Montgomery St,44
1338,Jersey & 3rd,Morris Canal,37
1339,Jersey & 3rd,Newark Ave,142
1340,Jersey & 3rd,Newport PATH,176
1341,Jersey & 3rd,Newport Pkwy,108
1342,Jersey & 3rd,Oakland Ave,3
1343,Jersey & 3rd,Paulus Hook,66
1344,Jersey & 3rd,Pershing Field,16
1345,Jersey & 3rd,Riverview Park,4
1346,Jersey & 3rd,Sip Ave,13
1347,Jersey & 3rd,Van Vorst Park,403
1348,Jersey & 3rd,Warren St,176
1349,Jersey & 3rd,Washington St,132
1350,Jersey & 3rd,York St,35
1351,Jersey & 6th St,5 Corners Library,4
1352,Jersey & 6th St,Baldwin at Montgomery,7
1353,Jersey & 6th St,Bergen Ave,1
1354,Jersey & 6th St,Brunswick & 6th,149
1355,Jersey & 6th St,Brunswick St,46
1356,Jersey & 6th St,City Hall,184
1357,Jersey & 6th St,Columbus Drive,174
1358,Jersey & 6th St,Communipaw & Berry Lane,1
1359,Jersey & 6th St,Dey St,5
1360,Jersey & 6th St,Dixon Mills,17
1361,Jersey & 6th St,Essex Light Rail,42
1362,Jersey & 6th St,Exchange Place,163
1363,Jersey & 6th St,Grand St,29
1364,Jersey & 6th St,Grove St PATH,4135
1365,Jersey & 6th St,Hamilton Park,133
1366,Jersey & 6th St,Harborside,96
1367,Jersey & 6th St,Heights Elevator,20
1368,Jersey & 6th St,Hilltop,19
1369,Jersey & 6th St,JC Medical Center,80
1370,Jersey & 6th St,Jackson Square,1
1371,Jersey & 6th St,Jersey & 3rd,272
1372,Jersey & 6th St,Jersey & 6th St,142
1373,Jersey & 6th St,Journal Square,4
1374,Jersey & 6th St,Lafayette Park,4
1375,Jersey & 6th St,Liberty Light Rail,17
1376,Jersey & 6th St,Lincoln Park,4
1377,Jersey & 6th St,Manila & 1st,600
1378,Jersey & 6th St,Marin Light Rail,110
1379,Jersey & 6th St,McGinley Square,5
1380,Jersey & 6th St,Monmouth and 6th,40
1381,Jersey & 6th St,Montgomery St,7
1382,Jersey & 6th St,Morris Canal,57
1383,Jersey & 6th St,Newark Ave,587
1384,Jersey & 6th St,Newport PATH,340
1385,Jersey & 6th St,Newport Pkwy,66
1386,Jersey & 6th St,Oakland Ave,3
1387,Jersey & 6th St,Paulus Hook,41
1388,Jersey & 6th St,Pershing Field,8
1389,Jersey & 6th St,Riverview Park,2
1390,Jersey & 6th St,Sip Ave,11
1391,Jersey & 6th St,Union St,2
1392,Jersey & 6th St,Van Vorst Park,101
1393,Jersey & 6th St,Warren St,140
1394,Jersey & 6th St,Washington St,136
1395,Jersey & 6th St,York St,30
1396,Journal Square,5 Corners Library,56
1397,Journal Square,Astor Place,85
1398,Journal Square,Baldwin at Montgomery,91
1399,Journal Square,Bergen Ave,75
1400,Journal Square,Brunswick & 6th,27
1401,Journal Square,Brunswick St,22
1402,Journal Square,Christ Hospital,318
1403,Journal Square,City Hall,27
1404,Journal Square,Columbus Drive,28
1405,Journal Square,Communipaw & Berry Lane,3
1406,Journal Square,Dey St,842
1407,Journal Square,Dixon Mills,8
1408,Journal Square,Essex Light Rail,92
1409,Journal Square,Exchange Place,119
1410,Journal Square,Fairmount Ave,110
1411,Journal Square,Glenwood Ave,21
1412,Journal Square,Grand St,7
1413,Journal Square,Grove St PATH,72
1414,Journal Square,Hamilton Park,22
1415,Journal Square,Harborside,32
1416,Journal Square,Heights Elevator,29
1417,Journal Square,Hilltop,110
1418,Journal Square,JC Medical Center,5
1419,Journal Square,Jackson Square,2
1420,Journal Square,Jersey & 3rd,9
1421,Journal Square,Jersey & 6th St,8
1422,Journal Square,Journal Square,87
1423,Journal Square,Lafayette Park,6
1424,Journal Square,Leonard Gordon Park,989
1425,Journal Square,Liberty Light Rail,9
1426,Journal Square,Lincoln Park,62
1427,Journal Square,Manila & 1st,4
1428,Journal Square,Marin Light Rail,8
1429,Journal Square,McGinley Square,107
1430,Journal Square,Monmouth and 6th,7
1431,Journal Square,Montgomery St,9
1432,Journal Square,Morris Canal,3
1433,Journal Square,Newark Ave,47
1434,Journal Square,Newport PATH,35
1435,Journal Square,Newport Pkwy,22
1436,Journal Square,Oakland Ave,1188
1437,Journal Square,Paulus Hook,6
1438,Journal Square,Pershing Field,763
1439,Journal Square,Riverview Park,66
1440,Journal Square,Sip Ave,55
1441,Journal Square,Union St,35
1442,Journal Square,Van Vorst Park,20
1443,Journal Square,Warren St,33
1444,Journal Square,Washington St,34
1445,Journal Square,York St,4
1446,Lafayette Park,Astor Place,64
1447,Lafayette Park,Baldwin at Montgomery,1
1448,Lafayette Park,Bergen Ave,2
1449,Lafayette Park,Brunswick & 6th,9
1450,Lafayette Park,Brunswick St,9
1451,Lafayette Park,Christ Hospital,1
1452,Lafayette Park,City Hall,280
1453,Lafayette Park,Columbus Drive,108
1454,Lafayette Park,Communipaw & Berry Lane,19
1455,Lafayette Park,Dixon Mills,1
1456,Lafayette Park,Essex Light Rail,49
1457,Lafayette Park,Exchange Place,116
1458,Lafayette Park,Fairmount Ave,3
1459,Lafayette Park,Glenwood Ave,1
1460,Lafayette Park,Grand St,8
1461,Lafayette Park,Grove St PATH,432
1462,Lafayette Park,Hamilton Park,12
1463,Lafayette Park,Harborside,6
1464,Lafayette Park,Heights Elevator,1
1465,Lafayette Park,Hilltop,7
1466,Lafayette Park,JC Medical Center,71
1467,Lafayette Park,JCBS Depot,5
1468,Lafayette Park,Jackson Square,6
1469,Lafayette Park,Jersey & 3rd,6
1470,Lafayette Park,Jersey & 6th St,4
1471,Lafayette Park,Journal Square,1
1472,Lafayette Park,Lafayette Park,75
1473,Lafayette Park,Liberty Light Rail,288
1474,Lafayette Park,Lincoln Park,25
1475,Lafayette Park,Manila & 1st,10
1476,Lafayette Park,Marin Light Rail,22
1477,Lafayette Park,McGinley Square,9
1478,Lafayette Park,Monmouth and 6th,8
1479,Lafayette Park,Montgomery St,15
1480,Lafayette Park,Morris Canal,3
1481,Lafayette Park,Newark Ave,36
1482,Lafayette Park,Newport PATH,11
1483,Lafayette Park,Newport Pkwy,5
1484,Lafayette Park,Paulus Hook,43
1485,Lafayette Park,Pershing Field,4
1486,Lafayette Park,Sip Ave,14
1487,Lafayette Park,Union St,3
1488,Lafayette Park,Van Vorst Park,72
1489,Lafayette Park,Warren St,42
1490,Lafayette Park,Washington St,3
1491,Lafayette Park,York St,3
1492,Leonard Gordon Park,12 Ave & W 40 St,2
1493,Leonard Gordon Park,5 Corners Library,45
1494,Leonard Gordon Park,Astor Place,1
1495,Leonard Gordon Park,Baldwin at Montgomery,2
1496,Leonard Gordon Park,Bergen Ave,6
1497,Leonard Gordon Park,Brunswick & 6th,6
1498,Leonard Gordon Park,Brunswick St,4
1499,Leonard Gordon Park,Christ Hospital,11
1500,Leonard Gordon Park,City Hall,3
1501,Leonard Gordon Park,Columbus Drive,3
1502,Leonard Gordon Park,Communipaw & Berry Lane,1
1503,Leonard Gordon Park,Dey St,35
1504,Leonard Gordon Park,Essex Light Rail,3
1505,Leonard Gordon Park,Exchange Place,351
1506,Leonard Gordon Park,Fairmount Ave,1
1507,Leonard Gordon Park,Glenwood Ave,6
1508,Leonard Gordon Park,Grand St,2
1509,Leonard Gordon Park,Grove St PATH,21
1510,Leonard Gordon Park,Hamilton Park,10
1511,Leonard Gordon Park,Harborside,10
1512,Leonard Gordon Park,Heights Elevator,117
1513,Leonard Gordon Park,Hilltop,13
1514,Leonard Gordon Park,JC Medical Center,3
1515,Leonard Gordon Park,Jackson Square,2
1516,Leonard Gordon Park,Jersey & 3rd,2
1517,Leonard Gordon Park,Journal Square,1176
1518,Leonard Gordon Park,Leonard Gordon Park,88
1519,Leonard Gordon Park,Liberty Light Rail,2
1520,Leonard Gordon Park,Lincoln Park,17
1521,Leonard Gordon Park,Manila & 1st,8
1522,Leonard Gordon Park,Marin Light Rail,2
1523,Leonard Gordon Park,McGinley Square,9
1524,Leonard Gordon Park,Montgomery St,52
1525,Leonard Gordon Park,Morris Canal,2
1526,Leonard Gordon Park,Newark Ave,20
1527,Leonard Gordon Park,Newport PATH,98
1528,Leonard Gordon Park,Newport Pkwy,42
1529,Leonard Gordon Park,Oakland Ave,5
1530,Leonard Gordon Park,Paulus Hook,8
1531,Leonard Gordon Park,Pershing Field,179
1532,Leonard Gordon Park,Riverview Park,19
1533,Leonard Gordon Park,Sip Ave,259
1534,Leonard Gordon Park,Union St,4
1535,Leonard Gordon Park,Van Vorst Park,2
1536,Leonard Gordon Park,Washington St,29
1537,Leonard Gordon Park,York St,4
1538,Liberty Light Rail,5 Corners Library,9
1539,Liberty Light Rail,Astor Place,9
1540,Liberty Light Rail,Baldwin at Montgomery,25
1541,Liberty Light Rail,Bayside Park,1
1542,Liberty Light Rail,Bergen Ave,2
1543,Liberty Light Rail,Brunswick & 6th,47
1544,Liberty Light Rail,Brunswick St,17
1545,Liberty Light Rail,Christ Hospital,8
1546,Liberty Light Rail,City Hall,857
1547,Liberty Light Rail,Columbia Park,1
1548,Liberty Light Rail,Columbus Drive,67
1549,Liberty Light Rail,Communipaw & Berry Lane,65
1550,Liberty Light Rail,Dey St,4
1551,Liberty Light Rail,Dixon Mills,21
1552,Liberty Light Rail,Essex Light Rail,207
1553,Liberty Light Rail,Exchange Place,623
1554,Liberty Light Rail,Fairmount Ave,6
1555,Liberty Light Rail,Garfield Ave Station,5
1556,Liberty Light Rail,Glenwood Ave,6
1557,Liberty Light Rail,Grand St,38
1558,Liberty Light Rail,Grove St PATH,1324
1559,Liberty Light Rail,Hamilton Park,46
1560,Liberty Light Rail,Harborside,229
1561,Liberty Light Rail,Heights Elevator,6
1562,Liberty Light Rail,Hilltop,12
1563,Liberty Light Rail,JC Medical Center,228
1564,Liberty Light Rail,JCBS Depot,1
1565,Liberty Light Rail,Jackson Square,4
1566,Liberty Light Rail,Jersey & 3rd,106
1567,Liberty Light Rail,Jersey & 6th St,13
1568,Liberty Light Rail,Journal Square,6
1569,Liberty Light Rail,Lafayette Park,236
1570,Liberty Light Rail,Leonard Gordon Park,2
1571,Liberty Light Rail,Liberty Light Rail,1486
1572,Liberty Light Rail,Lincoln Park,8
1573,Liberty Light Rail,Manila & 1st,46
1574,Liberty Light Rail,Marin Light Rail,188
1575,Liberty Light Rail,McGinley Square,39
1576,Liberty Light Rail,Monmouth and 6th,20
1577,Liberty Light Rail,Montgomery St,35
1578,Liberty Light Rail,Morris Canal,134
1579,Liberty Light Rail,Newark Ave,129
1580,Liberty Light Rail,Newport PATH,79
1581,Liberty Light Rail,Newport Pkwy,41
1582,Liberty Light Rail,Oakland Ave,2
1583,Liberty Light Rail,Paulus Hook,257
1584,Liberty Light Rail,Pershing Field,2
1585,Liberty Light Rail,Riverview Park,6
1586,Liberty Light Rail,Sip Ave,13
1587,Liberty Light Rail,Union St,4
1588,Liberty Light Rail,Van Vorst Park,160
1589,Liberty Light Rail,Warren St,119
1590,Liberty Light Rail,Washington St,63
1591,Liberty Light Rail,York St,29
1592,Lincoln Park,5 Corners Library,21
1593,Lincoln Park,Astor Place,61
1594,Lincoln Park,Baldwin at Montgomery,14
1595,Lincoln Park,Bergen Ave,8
1596,Lincoln Park,Brunswick & 6th,3
1597,Lincoln Park,Brunswick St,6
1598,Lincoln Park,Christ Hospital,10
1599,Lincoln Park,City Hall,20
1600,Lincoln Park,Columbus Drive,2
1601,Lincoln Park,Communipaw & Berry Lane,9
1602,Lincoln Park,Danforth Light Rail,1
1603,Lincoln Park,Dey St,44
1604,Lincoln Park,Dixon Mills,2
1605,Lincoln Park,Essex Light Rail,9
1606,Lincoln Park,Exchange Place,23
1607,Lincoln Park,Fairmount Ave,47
1608,Lincoln Park,Glenwood Ave,21
1609,Lincoln Park,Grand St,6
1610,Lincoln Park,Grove St PATH,30
1611,Lincoln Park,Hamilton Park,33
1612,Lincoln Park,Harborside,7
1613,Lincoln Park,Heights Elevator,1
1614,Lincoln Park,Hilltop,21
1615,Lincoln Park,JC Medical Center,5
1616,Lincoln Park,JCBS Depot,3
1617,Lincoln Park,Jackson Square,9
1618,Lincoln Park,Jersey & 3rd,1
1619,Lincoln Park,Jersey & 6th St,1
1620,Lincoln Park,Journal Square,69
1621,Lincoln Park,Lafayette Park,26
1622,Lincoln Park,Leonard Gordon Park,13
1623,Lincoln Park,Liberty Light Rail,12
1624,Lincoln Park,Lincoln Park,550
1625,Lincoln Park,Manila & 1st,8
1626,Lincoln Park,Marin Light Rail,3
1627,Lincoln Park,McGinley Square,79
1628,Lincoln Park,Monmouth and 6th,4
1629,Lincoln Park,Montgomery St,5
1630,Lincoln Park,Morris Canal,4
1631,Lincoln Park,Newark Ave,16
1632,Lincoln Park,Newport PATH,3
1633,Lincoln Park,Newport Pkwy,3
1634,Lincoln Park,Paulus Hook,14
1635,Lincoln Park,Pershing Field,9
1636,Lincoln Park,Riverview Park,3
1637,Lincoln Park,Sip Ave,1224
1638,Lincoln Park,Union St,28
1639,Lincoln Park,Van Vorst Park,30
1640,Lincoln Park,Warren St,8
1641,Lincoln Park,Washington St,6
1642,Lincoln Park,West Side Light Rail,3
1643,Lincoln Park,York St,36
1644,MLK Light Rail,Baldwin at Montgomery,1
1645,MLK Light Rail,Bethune Center,6
1646,MLK Light Rail,City Hall,5
1647,MLK Light Rail,Communipaw & Berry Lane,1
1648,MLK Light Rail,Danforth Light Rail,1
1649,MLK Light Rail,Dixon Mills,1
1650,MLK Light Rail,Exchange Place,11
1651,MLK Light Rail,Grove St PATH,4
1652,MLK Light Rail,JC Medical Center,1
1653,MLK Light Rail,MLK Light Rail,2
1654,MLK Light Rail,Marin Light Rail,1
1655,MLK Light Rail,NJCU,3
1656,MLK Light Rail,Newark Ave,4
1657,MLK Light Rail,Newport PATH,1
1658,MLK Light Rail,Newport Pkwy,2
1659,MLK Light Rail,Sip Ave,1
1660,MLK Light Rail,Van Vorst Park,2
1661,Manila & 1st,5 Corners Library,22
1662,Manila & 1st,Astor Place,12
1663,Manila & 1st,Baldwin at Montgomery,22
1664,Manila & 1st,Bergen Ave,1
1665,Manila & 1st,Bethune Center,1
1666,Manila & 1st,Brunswick & 6th,458
1667,Manila & 1st,Brunswick St,220
1668,Manila & 1st,Christ Hospital,20
1669,Manila & 1st,City Hall,175
1670,Manila & 1st,Columbus Drive,48
1671,Manila & 1st,Communipaw & Berry Lane,7
1672,Manila & 1st,Dixon Mills,54
1673,Manila & 1st,E 32 St & Park Ave,1
1674,Manila & 1st,Essex Light Rail,64
1675,Manila & 1st,Exchange Place,422
1676,Manila & 1st,Fairmount Ave,2
1677,Manila & 1st,Glenwood Ave,20
1678,Manila & 1st,Grand St,31
1679,Manila & 1st,Grove St PATH,444
1680,Manila & 1st,Hamilton Park,1424
1681,Manila & 1st,Harborside,254
1682,Manila & 1st,Heights Elevator,15
1683,Manila & 1st,Hilltop,38
1684,Manila & 1st,JC Medical Center,57
1685,Manila & 1st,JCBS Depot,1
1686,Manila & 1st,Jersey & 3rd,325
1687,Manila & 1st,Jersey & 6th St,531
1688,Manila & 1st,John St & William St,1
1689,Manila & 1st,Journal Square,1
1690,Manila & 1st,Lafayette Park,7
1691,Manila & 1st,Leonard Gordon Park,7
1692,Manila & 1st,Liberty Light Rail,47
1693,Manila & 1st,Lincoln Park,5
1694,Manila & 1st,Manila & 1st,123
1695,Manila & 1st,Marin Light Rail,106
1696,Manila & 1st,McGinley Square,49
1697,Manila & 1st,Monmouth and 6th,414
1698,Manila & 1st,Montgomery St,41
1699,Manila & 1st,Morris Canal,38
1700,Manila & 1st,Newark Ave,104
1701,Manila & 1st,Newport PATH,131
1702,Manila & 1st,Newport Pkwy,130
1703,Manila & 1st,Oakland Ave,29
1704,Manila & 1st,Paulus Hook,43
1705,Manila & 1st,Pershing Field,9
1706,Manila & 1st,Riverview Park,16
1707,Manila & 1st,Sip Ave,10
1708,Manila & 1st,Van Vorst Park,76
1709,Manila & 1st,W 11 St & 6 Ave,1
1710,Manila & 1st,Warren St,189
1711,Manila & 1st,Washington St,239
1712,Manila & 1st,York St,42
1713,Marin Light Rail,5 Corners Library,3
1714,Marin Light Rail,Astor Place,4
1715,Marin Light Rail,Baldwin at Montgomery,17
1716,Marin Light Rail,Bayside Park,1
1717,Marin Light Rail,Bergen Ave,3
1718,Marin Light Rail,Brunswick & 6th,198
1719,Marin Light Rail,Brunswick St,99
1720,Marin Light Rail,Christ Hospital,7
1721,Marin Light Rail,City Hall,466
1722,Marin Light Rail,Columbus Drive,237
1723,Marin Light Rail,Communipaw & Berry Lane,19
1724,Marin Light Rail,Dey St,3
1725,Marin Light Rail,Dixon Mills,35
1726,Marin Light Rail,E 110 St & Madison Ave,1
1727,Marin Light Rail,Essex Light Rail,369
1728,Marin Light Rail,Exchange Place,1450
1729,Marin Light Rail,Fairmount Ave,1
1730,Marin Light Rail,Garfield Ave Station,1
1731,Marin Light Rail,Glenwood Ave,1
1732,Marin Light Rail,Grand St,125
1733,Marin Light Rail,Grove St PATH,3216
1734,Marin Light Rail,Hamilton Park,184
1735,Marin Light Rail,Harborside,298
1736,Marin Light Rail,Heights Elevator,13
1737,Marin Light Rail,Hilltop,19
1738,Marin Light Rail,JC Medical Center,136
1739,Marin Light Rail,JCBS Depot,1
1740,Marin Light Rail,Jackson Square,3
1741,Marin Light Rail,Jersey & 3rd,67
1742,Marin Light Rail,Jersey & 6th St,82
1743,Marin Light Rail,Journal Square,6
1744,Marin Light Rail,Lafayette Park,20
1745,Marin Light Rail,Leonard Gordon Park,2
1746,Marin Light Rail,Liberty Light Rail,231
1747,Marin Light Rail,MLK Light Rail,1
1748,Marin Light Rail,Manila & 1st,117
1749,Marin Light Rail,Marin Light Rail,681
1750,Marin Light Rail,McGinley Square,6
1751,Marin Light Rail,Monmouth and 6th,47
1752,Marin Light Rail,Montgomery St,54
1753,Marin Light Rail,Morris Canal,170
1754,Marin Light Rail,Murray St & West St,1
1755,Marin Light Rail,Newark Ave,280
1756,Marin Light Rail,Newport PATH,250
1757,Marin Light Rail,Newport Pkwy,130
1758,Marin Light Rail,Oakland Ave,3
1759,Marin Light Rail,Paulus Hook,520
1760,Marin Light Rail,Pershing Field,7
1761,Marin Light Rail,Riverview Park,4
1762,Marin Light Rail,Sip Ave,16
1763,Marin Light Rail,Union St,2
1764,Marin Light Rail,Van Vorst Park,194
1765,Marin Light Rail,Vesey Pl & River Terrace,4
1766,Marin Light Rail,W 20 St & 11 Ave,1
1767,Marin Light Rail,W 46 St & 11 Ave,1
1768,Marin Light Rail,W Broadway & Spring Street,2
1769,Marin Light Rail,Warren St,232
1770,Marin Light Rail,Washington St,257
1771,Marin Light Rail,York St,73
1772,McGinley Square,5 Corners Library,43
1773,McGinley Square,Astor Place,287
1774,McGinley Square,Baldwin at Montgomery,109
1775,McGinley Square,Bayside Park,1
1776,McGinley Square,Bergen Ave,228
1777,McGinley Square,Bethune Center,1
1778,McGinley Square,Brunswick & 6th,15
1779,McGinley Square,Brunswick St,25
1780,McGinley Square,Christ Hospital,8
1781,McGinley Square,City Hall,69
1782,McGinley Square,Columbus Drive,11
1783,McGinley Square,Communipaw & Berry Lane,11
1784,McGinley Square,Danforth Light Rail,1
1785,McGinley Square,Dey St,11
1786,McGinley Square,Dixon Mills,17
1787,McGinley Square,Essex Light Rail,9
1788,McGinley Square,Exchange Place,155
1789,McGinley Square,Fairmount Ave,55
1790,McGinley Square,Glenwood Ave,5
1791,McGinley Square,Grand St,16
1792,McGinley Square,Grove St PATH,195
1793,McGinley Square,Hamilton Park,12
1794,McGinley Square,Harborside,77
1795,McGinley Square,Heights Elevator,5
1796,McGinley Square,Hilltop,55
1797,McGinley Square,JC Medical Center,18
1798,McGinley Square,JCBS Depot,1
1799,McGinley Square,Jackson Square,53
1800,McGinley Square,Jersey & 3rd,9
1801,McGinley Square,Jersey & 6th St,11
1802,McGinley Square,Journal Square,154
1803,McGinley Square,Lafayette Park,25
1804,McGinley Square,Leonard Gordon Park,7
1805,McGinley Square,Liberty Light Rail,46
1806,McGinley Square,Lincoln Park,169
1807,McGinley Square,MLK Light Rail,3
1808,McGinley Square,Manila & 1st,53
1809,McGinley Square,Marin Light Rail,2
1810,McGinley Square,McGinley Square,102
1811,McGinley Square,Monmouth and 6th,13
1812,McGinley Square,Montgomery St,37
1813,McGinley Square,Morris Canal,3
1814,McGinley Square,NJCU,4
1815,McGinley Square,Newark Ave,52
1816,McGinley Square,Newport PATH,35
1817,McGinley Square,Newport Pkwy,13
1818,McGinley Square,Oakland Ave,18
1819,McGinley Square,Paulus Hook,55
1820,McGinley Square,Pershing Field,23
1821,McGinley Square,Riverview Park,2
1822,McGinley Square,Sip Ave,3032
1823,McGinley Square,Union St,106
1824,McGinley Square,Van Vorst Park,64
1825,McGinley Square,Warren St,35
1826,McGinley Square,Washington St,8
1827,McGinley Square,West Side Light Rail,33
1828,McGinley Square,York St,22
1829,Monmouth and 6th,5 Corners Library,7
1830,Monmouth and 6th,Astor Place,3
1831,Monmouth and 6th,Baldwin at Montgomery,3
1832,Monmouth and 6th,Bergen Ave,2
1833,Monmouth and 6th,Brunswick & 6th,37
1834,Monmouth and 6th,Brunswick St,45
1835,Monmouth and 6th,Christ Hospital,2
1836,Monmouth and 6th,City Hall,81
1837,Monmouth and 6th,Columbus Drive,33
1838,Monmouth and 6th,Communipaw & Berry Lane,1
1839,Monmouth and 6th,Dixon Mills,30
1840,Monmouth and 6th,Essex Light Rail,14
1841,Monmouth and 6th,Exchange Place,132
1842,Monmouth and 6th,Grand St,34
1843,Monmouth and 6th,Grove St PATH,3137
1844,Monmouth and 6th,Hamilton Park,117
1845,Monmouth and 6th,Harborside,96
1846,Monmouth and 6th,Heights Elevator,14
1847,Monmouth and 6th,Hilltop,17
1848,Monmouth and 6th,JC Medical Center,30
1849,Monmouth and 6th,Jersey & 3rd,257
1850,Monmouth and 6th,Jersey & 6th St,49
1851,Monmouth and 6th,Journal Square,2
1852,Monmouth and 6th,Lafayette Park,15
1853,Monmouth and 6th,Liberty Light Rail,18
1854,Monmouth and 6th,Lincoln Park,1
1855,Monmouth and 6th,Manila & 1st,668
1856,Monmouth and 6th,Marin Light Rail,36
1857,Monmouth and 6th,McGinley Square,6
1858,Monmouth and 6th,Monmouth and 6th,80
1859,Monmouth and 6th,Montgomery St,23
1860,Monmouth and 6th,Morris Canal,10
1861,Monmouth and 6th,Newark Ave,312
1862,Monmouth and 6th,Newport PATH,93
1863,Monmouth and 6th,Newport Pkwy,47
1864,Monmouth and 6th,Oakland Ave,3
1865,Monmouth and 6th,Paulus Hook,105
1866,Monmouth and 6th,Pershing Field,46
1867,Monmouth and 6th,Riverview Park,8
1868,Monmouth and 6th,Sip Ave,12
1869,Monmouth and 6th,Union St,1
1870,Monmouth and 6th,Van Vorst Park,67
1871,Monmouth and 6th,Warren St,145
1872,Monmouth and 6th,Washington St,46
1873,Monmouth and 6th,York St,9
1874,Montgomery St,Astor Place,3
1875,Montgomery St,Baldwin at Montgomery,43
1876,Montgomery St,Bergen Ave,3
1877,Montgomery St,Brunswick & 6th,12
1878,Montgomery St,Brunswick St,54
1879,Montgomery St,Christ Hospital,6
1880,Montgomery St,City Hall,129
1881,Montgomery St,Cliff St & Fulton St_1,1
1882,Montgomery St,Columbus Drive,72
1883,Montgomery St,Communipaw & Berry Lane,29
1884,Montgomery St,Dixon Mills,50
1885,Montgomery St,Essex Light Rail,62
1886,Montgomery St,Exchange Place,61
1887,Montgomery St,Fairmount Ave,2
1888,Montgomery St,Glenwood Ave,3
1889,Montgomery St,Grand St,19
1890,Montgomery St,Grove St PATH,901
1891,Montgomery St,Hamilton Park,71
1892,Montgomery St,Harborside,44
1893,Montgomery St,Heights Elevator,7
1894,Montgomery St,Hilltop,10
1895,Montgomery St,JC Medical Center,45
1896,Montgomery St,Jersey & 3rd,23
1897,Montgomery St,Jersey & 6th St,12
1898,Montgomery St,Journal Square,4
1899,Montgomery St,Lafayette Park,17
1900,Montgomery St,Leonard Gordon Park,25
1901,Montgomery St,Liberty Light Rail,40
1902,Montgomery St,Lincoln Park,7
1903,Montgomery St,Manila & 1st,49
1904,Montgomery St,Marin Light Rail,46
1905,Montgomery St,McGinley Square,31
1906,Montgomery St,Monmouth and 6th,50
1907,Montgomery St,Montgomery St,97
1908,Montgomery St,Morris Canal,33
1909,Montgomery St,Newark Ave,81
1910,Montgomery St,Newport PATH,32
1911,Montgomery St,Newport Pkwy,40
1912,Montgomery St,Oakland Ave,2
1913,Montgomery St,Paulus Hook,121
1914,Montgomery St,Pershing Field,26
1915,Montgomery St,Riverview Park,3
1916,Montgomery St,Sip Ave,13
1917,Montgomery St,Union St,3
1918,Montgomery St,Van Vorst Park,91
1919,Montgomery St,Warren St,60
1920,Montgomery St,Washington St,47
1921,Montgomery St,York St,44
1922,Morris Canal,5 Corners Library,7
1923,Morris Canal,Astor Place,1
1924,Morris Canal,Baldwin at Montgomery,6
1925,Morris Canal,Bayside Park,1
1926,Morris Canal,Broadway & Battery Pl,1
1927,Morris Canal,Brunswick & 6th,8
1928,Morris Canal,Brunswick St,28
1929,Morris Canal,Bus Slip & State St,2
1930,Morris Canal,Christ Hospital,4
1931,Morris Canal,City Hall,216
1932,Morris Canal,Columbus Drive,512
1933,Morris Canal,Communipaw & Berry Lane,14
1934,Morris Canal,Dey St,3
1935,Morris Canal,Dixon Mills,24
1936,Morris Canal,Essex Light Rail,242
1937,Morris Canal,Exchange Place,4604
1938,Morris Canal,Fairmount Ave,4
1939,Morris Canal,Glenwood Ave,1
1940,Morris Canal,Grand St,113
1941,Morris Canal,Grove St PATH,951
1942,Morris Canal,Hamilton Park,74
1943,Morris Canal,Harborside,277
1944,Morris Canal,Heights Elevator,8
1945,Morris Canal,Hilltop,3
1946,Morris Canal,JC Medical Center,211
1947,Morris Canal,Jersey & 3rd,32
1948,Morris Canal,Jersey & 6th St,56
1949,Morris Canal,Journal Square,6
1950,Morris Canal,Lafayette Park,4
1951,Morris Canal,Liberty Light Rail,87
1952,Morris Canal,Lincoln Park,3
1953,Morris Canal,Manila & 1st,35
1954,Morris Canal,Marin Light Rail,181
1955,Morris Canal,McGinley Square,9
1956,Morris Canal,Monmouth and 6th,11
1957,Morris Canal,Montgomery St,19
1958,Morris Canal,Morris Canal,488
1959,Morris Canal,Murray St & Greenwich St,1
1960,Morris Canal,Murray St & West St,1
1961,Morris Canal,Newark Ave,92
1962,Morris Canal,Newport PATH,288
1963,Morris Canal,Newport Pkwy,112
1964,Morris Canal,Oakland Ave,4
1965,Morris Canal,Paulus Hook,1201
1966,Morris Canal,Pershing Field,7
1967,Morris Canal,Riverview Park,2
1968,Morris Canal,Sip Ave,4
1969,Morris Canal,Union St,2
1970,Morris Canal,Van Vorst Park,91
1971,Morris Canal,Vesey Pl & River Terrace,9
1972,Morris Canal,W 16 St & The High Line,1
1973,Morris Canal,Warren St,238
1974,Morris Canal,Washington St,193
1975,Morris Canal,York St,42
1976,NJCU,Brunswick St,3
1977,NJCU,Columbia Park,1
1978,NJCU,Dey St,1
1979,NJCU,Exchange Place,7
1980,NJCU,Jersey & 3rd,3
1981,NJCU,Sip Ave,21
1982,NJCU,Warren St,1
1983,NJCU,West Side Light Rail,12
1984,Newark Ave,5 Corners Library,54
1985,Newark Ave,Astor Place,44
1986,Newark Ave,Baldwin at Montgomery,117
1987,Newark Ave,Bergen Ave,12
1988,Newark Ave,Broadway & W 29 St,1
1989,Newark Ave,Brunswick & 6th,484
1990,Newark Ave,Brunswick St,595
1991,Newark Ave,Christ Hospital,42
1992,Newark Ave,City Hall,197
1993,Newark Ave,Columbus Drive,161
1994,Newark Ave,Communipaw & Berry Lane,64
1995,Newark Ave,Dey St,11
1996,Newark Ave,Dixon Mills,249
1997,Newark Ave,Essex Light Rail,153
1998,Newark Ave,Exchange Place,309
1999,Newark Ave,Fairmount Ave,20
2000,Newark Ave,Garfield Ave Station,2
2001,Newark Ave,Glenwood Ave,3
2002,Newark Ave,Grand St,110
2003,Newark Ave,Grove St PATH,1049
2004,Newark Ave,Hamilton Park,1217
2005,Newark Ave,Harborside,281
2006,Newark Ave,Heights Elevator,27
2007,Newark Ave,Hilltop,89
2008,Newark Ave,JC Medical Center,310
2009,Newark Ave,Jackson Square,5
2010,Newark Ave,Jersey & 3rd,192
2011,Newark Ave,Jersey & 6th St,419
2012,Newark Ave,Journal Square,23
2013,Newark Ave,Lafayette Park,49
2014,Newark Ave,Leonard Gordon Park,12
2015,Newark Ave,Liberty Light Rail,217
2016,Newark Ave,Lincoln Park,12
2017,Newark Ave,MLK Light Rail,3
2018,Newark Ave,Manila & 1st,82
2019,Newark Ave,Marin Light Rail,224
2020,Newark Ave,McGinley Square,23
2021,Newark Ave,Monmouth and 6th,470
2022,Newark Ave,Montgomery St,88
2023,Newark Ave,Morris Canal,107
2024,Newark Ave,NJCU,7
2025,Newark Ave,Newark Ave,216
2026,Newark Ave,Newport PATH,235
2027,Newark Ave,Newport Pkwy,148
2028,Newark Ave,Oakland Ave,81
2029,Newark Ave,Paulus Hook,181
2030,Newark Ave,Pershing Field,24
2031,Newark Ave,Riverview Park,25
2032,Newark Ave,Sip Ave,38
2033,Newark Ave,Union St,2
2034,Newark Ave,Van Vorst Park,368
2035,Newark Ave,Warren St,276
2036,Newark Ave,Washington St,221
2037,Newark Ave,York St,113
2038,Newport PATH,5 Corners Library,41
2039,Newport PATH,Baldwin at Montgomery,24
2040,Newport PATH,Bergen Ave,6
2041,Newport PATH,Broadway & Moylan Pl,1
2042,Newport PATH,Broadway & W 58 St,1
2043,Newport PATH,Brunswick & 6th,304
2044,Newport PATH,Brunswick St,84
2045,Newport PATH,Christ Hospital,20
2046,Newport PATH,City Hall,223
2047,Newport PATH,Columbus Drive,386
2048,Newport PATH,Communipaw & Berry Lane,15
2049,Newport PATH,Dey St,8
2050,Newport PATH,Dixon Mills,37
2051,Newport PATH,Essex Light Rail,246
2052,Newport PATH,Exchange Place,946
2053,Newport PATH,Fairmount Ave,7
2054,Newport PATH,Garfield Ave Station,1
2055,Newport PATH,Glenwood Ave,5
2056,Newport PATH,Grand St,177
2057,Newport PATH,Grove St PATH,517
2058,Newport PATH,Hamilton Park,2557
2059,Newport PATH,Harborside,2173
2060,Newport PATH,Heights Elevator,207
2061,Newport PATH,Hilltop,32
2062,Newport PATH,JC Medical Center,43
2063,Newport PATH,JCBS Depot,2
2064,Newport PATH,Jackson Square,1
2065,Newport PATH,Jersey & 3rd,267
2066,Newport PATH,Jersey & 6th St,325
2067,Newport PATH,Journal Square,26
2068,Newport PATH,Lafayette Park,5
2069,Newport PATH,Leonard Gordon Park,76
2070,Newport PATH,Liberty Light Rail,83
2071,Newport PATH,Lincoln Park,4
2072,Newport PATH,MLK Light Rail,1
2073,Newport PATH,Maiden Ln & Pearl St,1
2074,Newport PATH,Manila & 1st,118
2075,Newport PATH,Marin Light Rail,246
2076,Newport PATH,McGinley Square,12
2077,Newport PATH,Monmouth and 6th,140
2078,Newport PATH,Montgomery St,29
2079,Newport PATH,Morris Canal,291
2080,Newport PATH,Newark Ave,171
2081,Newport PATH,Newport PATH,393
2082,Newport PATH,Newport Pkwy,1773
2083,Newport PATH,Oakland Ave,174
2084,Newport PATH,Paulus Hook,539
2085,Newport PATH,Pershing Field,91
2086,Newport PATH,Riverview Park,127
2087,Newport PATH,Sip Ave,18
2088,Newport PATH,Union St,4
2089,Newport PATH,Van Vorst Park,188
2090,Newport PATH,Vesey Pl & River Terrace,1
2091,Newport PATH,W 34 St & 11 Ave,2
2092,Newport PATH,W 46 St & 11 Ave,2
2093,Newport PATH,Warren St,1116
2094,Newport PATH,Washington St,840
2095,Newport PATH,York St,120
2096,Newport Pkwy,12 Ave & W 40 St,2
2097,Newport Pkwy,5 Corners Library,16
2098,Newport Pkwy,Astor Place,5
2099,Newport Pkwy,Baldwin at Montgomery,56
2100,Newport Pkwy,Bergen Ave,8
2101,Newport Pkwy,Broadway & Moylan Pl,1
2102,Newport Pkwy,Broadway & W 29 St,1
2103,Newport Pkwy,Broadway & W 58 St,2
2104,Newport Pkwy,Brunswick & 6th,42
2105,Newport Pkwy,Brunswick St,96
2106,Newport Pkwy,Central Park S & 6 Ave,1
2107,Newport Pkwy,Central Park West & W 68 St,2
2108,Newport Pkwy,Christ Hospital,14
2109,Newport Pkwy,City Hall,189
2110,Newport Pkwy,Columbus Drive,466
2111,Newport Pkwy,Communipaw & Berry Lane,4
2112,Newport Pkwy,Dey St,9
2113,Newport Pkwy,Dixon Mills,39
2114,Newport Pkwy,E 47 St & Park Ave,1
2115,Newport Pkwy,E 55 St & Lexington Ave,1
2116,Newport Pkwy,Essex Light Rail,324
2117,Newport Pkwy,Exchange Place,1131
2118,Newport Pkwy,Fairmount Ave,4
2119,Newport Pkwy,Fulton St & Broadway,1
2120,Newport Pkwy,Garfield Ave Station,1
2121,Newport Pkwy,Glenwood Ave,6
2122,Newport Pkwy,Grand St,128
2123,Newport Pkwy,Grove St PATH,358
2124,Newport Pkwy,Hamilton Park,412
2125,Newport Pkwy,Harborside,751
2126,Newport Pkwy,Heights Elevator,116
2127,Newport Pkwy,Hilltop,33
2128,Newport Pkwy,JC Medical Center,62
2129,Newport Pkwy,Jackson Square,1
2130,Newport Pkwy,Jersey & 3rd,106
2131,Newport Pkwy,Jersey & 6th St,108
2132,Newport Pkwy,Journal Square,16
2133,Newport Pkwy,Lafayette Park,12
2134,Newport Pkwy,Leonard Gordon Park,9
2135,Newport Pkwy,Lexington Ave & E 24 St,1
2136,Newport Pkwy,Liberty Light Rail,51
2137,Newport Pkwy,Lincoln Park,4
2138,Newport Pkwy,MLK Light Rail,1
2139,Newport Pkwy,Manila & 1st,152
2140,Newport Pkwy,Marin Light Rail,150
2141,Newport Pkwy,McGinley Square,23
2142,Newport Pkwy,Monmouth and 6th,37
2143,Newport Pkwy,Montgomery St,43
2144,Newport Pkwy,Morris Canal,149
2145,Newport Pkwy,Newark Ave,157
2146,Newport Pkwy,Newport PATH,1868
2147,Newport Pkwy,Newport Pkwy,990
2148,Newport Pkwy,Oakland Ave,72
2149,Newport Pkwy,Paulus Hook,344
2150,Newport Pkwy,Pershing Field,89
2151,Newport Pkwy,Pier 40 - Hudson River Park,1
2152,Newport Pkwy,Riverview Park,53
2153,Newport Pkwy,Sip Ave,22
2154,Newport Pkwy,South End Ave & Liberty St,1
2155,Newport Pkwy,Sullivan St & Washington Sq,1
2156,Newport Pkwy,Union St,1
2157,Newport Pkwy,Van Vorst Park,117
2158,Newport Pkwy,W 52 St & 5 Ave,1
2159,Newport Pkwy,Warren St,589
2160,Newport Pkwy,Washington St,604
2161,Newport Pkwy,York St,53
2162,Oakland Ave,5 Corners Library,145
2163,Oakland Ave,Astor Place,1
2164,Oakland Ave,Baldwin at Montgomery,12
2165,Oakland Ave,Bergen Ave,7
2166,Oakland Ave,Brunswick & 6th,32
2167,Oakland Ave,Brunswick St,55
2168,Oakland Ave,Christ Hospital,20
2169,Oakland Ave,City Hall,150
2170,Oakland Ave,Columbus Drive,18
2171,Oakland Ave,Communipaw & Berry Lane,2
2172,Oakland Ave,Dey St,56
2173,Oakland Ave,Dixon Mills,47
2174,Oakland Ave,Essex Light Rail,55
2175,Oakland Ave,Exchange Place,87
2176,Oakland Ave,Fairmount Ave,2
2177,Oakland Ave,Glenwood Ave,13
2178,Oakland Ave,Grand St,6
2179,Oakland Ave,Grove St PATH,111
2180,Oakland Ave,Hamilton Park,31
2181,Oakland Ave,Harborside,40
2182,Oakland Ave,Heights Elevator,108
2183,Oakland Ave,Hilltop,137
2184,Oakland Ave,JC Medical Center,59
2185,Oakland Ave,Jersey & 3rd,10
2186,Oakland Ave,Jersey & 6th St,2
2187,Oakland Ave,Journal Square,1362
2188,Oakland Ave,Lafayette Park,2
2189,Oakland Ave,Leonard Gordon Park,8
2190,Oakland Ave,Liberty Light Rail,7
2191,Oakland Ave,Lincoln Park,3
2192,Oakland Ave,Manila & 1st,19
2193,Oakland Ave,Marin Light Rail,95
2194,Oakland Ave,McGinley Square,29
2195,Oakland Ave,Monmouth and 6th,3
2196,Oakland Ave,Morris Canal,8
2197,Oakland Ave,NJCU,1
2198,Oakland Ave,Newark Ave,223
2199,Oakland Ave,Newport PATH,309
2200,Oakland Ave,Newport Pkwy,153
2201,Oakland Ave,Oakland Ave,129
2202,Oakland Ave,Paulus Hook,18
2203,Oakland Ave,Pershing Field,193
2204,Oakland Ave,Riverview Park,52
2205,Oakland Ave,Sip Ave,1425
2206,Oakland Ave,Union St,4
2207,Oakland Ave,Van Vorst Park,13
2208,Oakland Ave,Warren St,17
2209,Oakland Ave,Washington St,101
2210,Oakland Ave,York St,4
2211,Paulus Hook,5 Corners Library,39
2212,Paulus Hook,Astor Place,11
2213,Paulus Hook,Atlantic Ave & Furman St,4
2214,Paulus Hook,Baldwin at Montgomery,19
2215,Paulus Hook,Bayside Park,1
2216,Paulus Hook,Bergen Ave,1
2217,Paulus Hook,Brunswick & 6th,104
2218,Paulus Hook,Brunswick St,85
2219,Paulus Hook,Christ Hospital,9
2220,Paulus Hook,City Hall,379
2221,Paulus Hook,Columbia St & Kane St,1
2222,Paulus Hook,Columbus Drive,482
2223,Paulus Hook,Communipaw & Berry Lane,15
2224,Paulus Hook,Danforth Light Rail,1
2225,Paulus Hook,Dixon Mills,143
2226,Paulus Hook,E 33 St & 5 Ave,1
2227,Paulus Hook,Essex Light Rail,233
2228,Paulus Hook,Exchange Place,613
2229,Paulus Hook,FDR Drive & E 35 St,1
2230,Paulus Hook,Fairmount Ave,3
2231,Paulus Hook,Garfield Ave Station,2
2232,Paulus Hook,Glenwood Ave,25
2233,Paulus Hook,Grand St,193
2234,Paulus Hook,Grove St PATH,580
2235,Paulus Hook,Hamilton Park,410
2236,Paulus Hook,Harborside,352
2237,Paulus Hook,Heights Elevator,20
2238,Paulus Hook,Henry St & Atlantic Ave,8
2239,Paulus Hook,Hilltop,18
2240,Paulus Hook,JC Medical Center,189
2241,Paulus Hook,Jackson Square,6
2242,Paulus Hook,Jersey & 3rd,150
2243,Paulus Hook,Jersey & 6th St,62
2244,Paulus Hook,Journal Square,37
2245,Paulus Hook,Lafayette Park,39
2246,Paulus Hook,Leonard Gordon Park,2
2247,Paulus Hook,Liberty Light Rail,262
2248,Paulus Hook,Lincoln Park,4
2249,Paulus Hook,Manila & 1st,91
2250,Paulus Hook,Marin Light Rail,535
2251,Paulus Hook,McGinley Square,38
2252,Paulus Hook,Monmouth and 6th,134
2253,Paulus Hook,Montgomery St,96
2254,Paulus Hook,Morris Canal,809
2255,Paulus Hook,Newark Ave,234
2256,Paulus Hook,Newport PATH,576
2257,Paulus Hook,Newport Pkwy,365
2258,Paulus Hook,Oakland Ave,15
2259,Paulus Hook,Paulus Hook,328
2260,Paulus Hook,Pershing Field,3
2261,Paulus Hook,Riverview Park,7
2262,Paulus Hook,Sip Ave,8
2263,Paulus Hook,Union St,7
2264,Paulus Hook,Van Vorst Park,198
2265,Paulus Hook,Vesey Pl & River Terrace,3
2266,Paulus Hook,W 4 St & 7 Ave S,1
2267,Paulus Hook,Warren St,191
2268,Paulus Hook,Washington St,381
2269,Paulus Hook,West Side Light Rail,1
2270,Paulus Hook,York St,193
2271,Pershing Field,5 Corners Library,281
2272,Pershing Field,Astor Place,19
2273,Pershing Field,Baldwin at Montgomery,12
2274,Pershing Field,Bergen Ave,5
2275,Pershing Field,Brunswick & 6th,57
2276,Pershing Field,Brunswick St,60
2277,Pershing Field,Christ Hospital,108
2278,Pershing Field,City Hall,54
2279,Pershing Field,Columbus Drive,16
2280,Pershing Field,Communipaw & Berry Lane,17
2281,Pershing Field,Dey St,77
2282,Pershing Field,Dixon Mills,14
2283,Pershing Field,Essex Light Rail,3
2284,Pershing Field,Exchange Place,165
2285,Pershing Field,Fairmount Ave,4
2286,Pershing Field,Glenwood Ave,11
2287,Pershing Field,Grand St,11
2288,Pershing Field,Grove St PATH,139
2289,Pershing Field,Hamilton Park,65
2290,Pershing Field,Harborside,16
2291,Pershing Field,Heights Elevator,143
2292,Pershing Field,Hilltop,130
2293,Pershing Field,JC Medical Center,4
2294,Pershing Field,Jersey & 3rd,47
2295,Pershing Field,Jersey & 6th St,15
2296,Pershing Field,Journal Square,673
2297,Pershing Field,Lafayette Park,1
2298,Pershing Field,Leonard Gordon Park,194
2299,Pershing Field,Liberty Light Rail,3
2300,Pershing Field,Lincoln Park,6
2301,Pershing Field,Manila & 1st,15
2302,Pershing Field,Marin Light Rail,1
2303,Pershing Field,McGinley Square,28
2304,Pershing Field,Monmouth and 6th,22
2305,Pershing Field,Montgomery St,19
2306,Pershing Field,Morris Canal,41
2307,Pershing Field,Newark Ave,68
2308,Pershing Field,Newport PATH,209
2309,Pershing Field,Newport Pkwy,133
2310,Pershing Field,Oakland Ave,184
2311,Pershing Field,Paulus Hook,7
2312,Pershing Field,Pershing Field,259
2313,Pershing Field,Riverview Park,89
2314,Pershing Field,Sip Ave,919
2315,Pershing Field,Union St,2
2316,Pershing Field,Van Vorst Park,11
2317,Pershing Field,Warren St,31
2318,Pershing Field,Washington St,31
2319,Pershing Field,York St,7
2320,Riverview Park,12 Ave & W 40 St,1
2321,Riverview Park,5 Corners Library,44
2322,Riverview Park,Astor Place,1
2323,Riverview Park,Baldwin at Montgomery,3
2324,Riverview Park,Brunswick & 6th,74
2325,Riverview Park,Brunswick St,47
2326,Riverview Park,Christ Hospital,38
2327,Riverview Park,City Hall,23
2328,Riverview Park,Columbus Drive,15
2329,Riverview Park,Dey St,14
2330,Riverview Park,Dixon Mills,4
2331,Riverview Park,Essex Light Rail,5
2332,Riverview Park,Exchange Place,74
2333,Riverview Park,Fairmount Ave,5
2334,Riverview Park,Glenwood Ave,1
2335,Riverview Park,Grand St,3
2336,Riverview Park,Grove St PATH,175
2337,Riverview Park,Hamilton Park,20
2338,Riverview Park,Harborside,22
2339,Riverview Park,Heights Elevator,501
2340,Riverview Park,Hilltop,42
2341,Riverview Park,JC Medical Center,9
2342,Riverview Park,Jersey & 3rd,12
2343,Riverview Park,Jersey & 6th St,6
2344,Riverview Park,Journal Square,91
2345,Riverview Park,Lafayette Park,3
2346,Riverview Park,Leonard Gordon Park,24
2347,Riverview Park,Liberty Light Rail,7
2348,Riverview Park,Manila & 1st,28
2349,Riverview Park,Marin Light Rail,7
2350,Riverview Park,Monmouth and 6th,10
2351,Riverview Park,Montgomery St,4
2352,Riverview Park,Morris Canal,2
2353,Riverview Park,Murray St & Greenwich St,1
2354,Riverview Park,Murray St & West St,1
2355,Riverview Park,Newark Ave,63
2356,Riverview Park,Newport PATH,202
2357,Riverview Park,Newport Pkwy,93
2358,Riverview Park,Oakland Ave,35
2359,Riverview Park,Paulus Hook,8
2360,Riverview Park,Pershing Field,85
2361,Riverview Park,Riverview Park,148
2362,Riverview Park,Sip Ave,61
2363,Riverview Park,Union St,2
2364,Riverview Park,Van Vorst Park,5
2365,Riverview Park,Vesey Pl & River Terrace,12
2366,Riverview Park,Warren St,13
2367,Riverview Park,Washington St,27
2368,Riverview Park,York St,4
2369,Sip Ave,5 Corners Library,251
2370,Sip Ave,Astor Place,1964
2371,Sip Ave,Baldwin at Montgomery,1810
2372,Sip Ave,Bayside Park,1
2373,Sip Ave,Bergen Ave,1487
2374,Sip Ave,Bethune Center,4
2375,Sip Ave,Brunswick & 6th,47
2376,Sip Ave,Brunswick St,70
2377,Sip Ave,Christ Hospital,326
2378,Sip Ave,City Hall,24
2379,Sip Ave,Columbia Park,9
2380,Sip Ave,Columbus Drive,10
2381,Sip Ave,Communipaw & Berry Lane,56
2382,Sip Ave,Danforth Light Rail,1
2383,Sip Ave,Dey St,201
2384,Sip Ave,Dixon Mills,15
2385,Sip Ave,Essex Light Rail,9
2386,Sip Ave,Exchange Place,122
2387,Sip Ave,Fairmount Ave,1208
2388,Sip Ave,Garfield Ave Station,3
2389,Sip Ave,Glenwood Ave,504
2390,Sip Ave,Grand St,10
2391,Sip Ave,Grove St PATH,62
2392,Sip Ave,Hamilton Park,129
2393,Sip Ave,Harborside,128
2394,Sip Ave,Heights Elevator,189
2395,Sip Ave,Hilltop,202
2396,Sip Ave,JC Medical Center,31
2397,Sip Ave,JCBS Depot,65
2398,Sip Ave,Jackson Square,117
2399,Sip Ave,Jersey & 3rd,36
2400,Sip Ave,Jersey & 6th St,22
2401,Sip Ave,Journal Square,49
2402,Sip Ave,Lafayette Park,101
2403,Sip Ave,Leonard Gordon Park,356
2404,Sip Ave,Liberty Light Rail,39
2405,Sip Ave,Lincoln Park,1783
2406,Sip Ave,MLK Light Rail,13
2407,Sip Ave,Manila & 1st,29
2408,Sip Ave,Marin Light Rail,37
2409,Sip Ave,McGinley Square,2713
2410,Sip Ave,Monmouth and 6th,18
2411,Sip Ave,Montgomery St,31
2412,Sip Ave,Morris Canal,7
2413,Sip Ave,NJCU,24
2414,Sip Ave,Newark Ave,121
2415,Sip Ave,Newport PATH,70
2416,Sip Ave,Newport Pkwy,177
2417,Sip Ave,Oakland Ave,1051
2418,Sip Ave,Paulus Hook,22
2419,Sip Ave,Pershing Field,1077
2420,Sip Ave,Riverview Park,71
2421,Sip Ave,Sip Ave,247
2422,Sip Ave,Union St,817
2423,Sip Ave,Van Vorst Park,92
2424,Sip Ave,Warren St,36
2425,Sip Ave,Washington St,57
2426,Sip Ave,West Side Light Rail,23
2427,Sip Ave,York St,10
2428,Union St,5 Corners Library,6
2429,Union St,Astor Place,15
2430,Union St,Baldwin at Montgomery,10
2431,Union St,Bergen Ave,6
2432,Union St,Brunswick & 6th,1
2433,Union St,Brunswick St,51
2434,Union St,City Hall,6
2435,Union St,Columbus Drive,1
2436,Union St,Communipaw & Berry Lane,11
2437,Union St,Dey St,2
2438,Union St,Dixon Mills,3
2439,Union St,Exchange Place,8
2440,Union St,Fairmount Ave,15
2441,Union St,Glenwood Ave,5
2442,Union St,Grand St,8
2443,Union St,Grove St PATH,26
2444,Union St,Harborside,2
2445,Union St,Hilltop,11
2446,Union St,JC Medical Center,8
2447,Union St,Jackson Square,1
2448,Union St,Jersey & 3rd,1
2449,Union St,Jersey & 6th St,1
2450,Union St,Journal Square,19
2451,Union St,Lafayette Park,3
2452,Union St,Leonard Gordon Park,2
2453,Union St,Lincoln Park,34
2454,Union St,Marin Light Rail,1
2455,Union St,McGinley Square,62
2456,Union St,Montgomery St,5
2457,Union St,Morris Canal,1
2458,Union St,Newark Ave,9
2459,Union St,Newport PATH,2
2460,Union St,Newport Pkwy,1
2461,Union St,Oakland Ave,1
2462,Union St,Paulus Hook,8
2463,Union St,Pershing Field,2
2464,Union St,Riverview Park,1
2465,Union St,Sip Ave,595
2466,Union St,Union St,46
2467,Union St,Van Vorst Park,10
2468,Union St,Warren St,6
2469,Union St,West Side Light Rail,9
2470,Van Vorst Park,5 Corners Library,2
2471,Van Vorst Park,Astor Place,14
2472,Van Vorst Park,Baldwin at Montgomery,69
2473,Van Vorst Park,Bayside Park,1
2474,Van Vorst Park,Bergen Ave,1
2475,Van Vorst Park,Brunswick & 6th,91
2476,Van Vorst Park,Brunswick St,107
2477,Van Vorst Park,Christ Hospital,6
2478,Van Vorst Park,City Hall,563
2479,Van Vorst Park,Columbus Drive,113
2480,Van Vorst Park,Communipaw & Berry Lane,71
2481,Van Vorst Park,Danforth Light Rail,1
2482,Van Vorst Park,Dey St,1
2483,Van Vorst Park,Dixon Mills,108
2484,Van Vorst Park,E 39 St & 3 Ave,1
2485,Van Vorst Park,Essex Light Rail,74
2486,Van Vorst Park,Exchange Place,784
2487,Van Vorst Park,Fairmount Ave,7
2488,Van Vorst Park,Garfield Ave Station,10
2489,Van Vorst Park,Glenwood Ave,7
2490,Van Vorst Park,Grand St,114
2491,Van Vorst Park,Grove St PATH,3177
2492,Van Vorst Park,Hamilton Park,272
2493,Van Vorst Park,Harborside,200
2494,Van Vorst Park,Heights Elevator,12
2495,Van Vorst Park,Hilltop,25
2496,Van Vorst Park,JC Medical Center,119
2497,Van Vorst Park,JCBS Depot,1
2498,Van Vorst Park,Jackson Square,9
2499,Van Vorst Park,Jersey & 3rd,429
2500,Van Vorst Park,Jersey & 6th St,53
2501,Van Vorst Park,Journal Square,7
2502,Van Vorst Park,Lafayette Park,96
2503,Van Vorst Park,Leonard Gordon Park,1
2504,Van Vorst Park,Liberty Light Rail,209
2505,Van Vorst Park,Lincoln Park,16
2506,Van Vorst Park,Maiden Ln & Pearl St,1
2507,Van Vorst Park,Manila & 1st,166
2508,Van Vorst Park,Marin Light Rail,214
2509,Van Vorst Park,McGinley Square,25
2510,Van Vorst Park,Monmouth and 6th,56
2511,Van Vorst Park,Montgomery St,49
2512,Van Vorst Park,Morris Canal,97
2513,Van Vorst Park,NJCU,1
2514,Van Vorst Park,Newark Ave,233
2515,Van Vorst Park,Newport PATH,174
2516,Van Vorst Park,Newport Pkwy,147
2517,Van Vorst Park,Oakland Ave,6
2518,Van Vorst Park,Paulus Hook,404
2519,Van Vorst Park,Pershing Field,11
2520,Van Vorst Park,Riverview Park,6
2521,Van Vorst Park,Sip Ave,17
2522,Van Vorst Park,South St & Whitehall St,1
2523,Van Vorst Park,Union St,7
2524,Van Vorst Park,Van Vorst Park,427
2525,Van Vorst Park,Vesey Pl & River Terrace,3
2526,Van Vorst Park,Warren St,141
2527,Van Vorst Park,Washington St,95
2528,Van Vorst Park,York St,93
2529,Warren St,12 Ave & W 40 St,1
2530,Warren St,5 Corners Library,11
2531,Warren St,Astor Place,14
2532,Warren St,Baldwin at Montgomery,14
2533,Warren St,Bergen Ave,7
2534,Warren St,Brunswick & 6th,104
2535,Warren St,Brunswick St,196
2536,Warren St,Christ Hospital,1
2537,Warren St,City Hall,178
2538,Warren St,Columbus Drive,644
2539,Warren St,Communipaw & Berry Lane,22
2540,Warren St,Dey St,1
2541,Warren St,Dixon Mills,53
2542,Warren St,Essex Light Rail,302
2543,Warren St,Exchange Place,1336
2544,Warren St,Fairmount Ave,17
2545,Warren St,Garfield Ave Station,1
2546,Warren St,Glenwood Ave,3
2547,Warren St,Grand St,196
2548,Warren St,Grove St PATH,655
2549,Warren St,Hamilton Park,449
2550,Warren St,Harborside,535
2551,Warren St,Heights Elevator,25
2552,Warren St,Hilltop,26
2553,Warren St,JC Medical Center,118
2554,Warren St,Jersey & 3rd,226
2555,Warren St,Jersey & 6th St,116
2556,Warren St,Journal Square,24
2557,Warren St,Lafayette Park,28
2558,Warren St,Leonard Gordon Park,9
2559,Warren St,Liberty Light Rail,96
2560,Warren St,Lincoln Park,4
2561,Warren St,Manila & 1st,102
2562,Warren St,Marin Light Rail,232
2563,Warren St,McGinley Square,84
2564,Warren St,Monmouth and 6th,96
2565,Warren St,Montgomery St,65
2566,Warren St,Morris Canal,281
2567,Warren St,Newark Ave,238
2568,Warren St,Newport PATH,940
2569,Warren St,Newport Pkwy,534
2570,Warren St,Oakland Ave,22
2571,Warren St,Paulus Hook,211
2572,Warren St,Pershing Field,44
2573,Warren St,Riverview Park,7
2574,Warren St,Sip Ave,13
2575,Warren St,Union St,8
2576,Warren St,Van Vorst Park,148
2577,Warren St,Warren St,343
2578,Warren St,Washington St,282
2579,Warren St,Water - Whitehall Plaza,1
2580,Warren St,York St,195
2581,Washington St,12 Ave & W 40 St,1
2582,Washington St,5 Corners Library,54
2583,Washington St,Amsterdam Ave & W 66 St,1
2584,Washington St,Astor Place,1
2585,Washington St,Baldwin at Montgomery,21
2586,Washington St,Bergen Ave,4
2587,Washington St,Brunswick & 6th,146
2588,Washington St,Brunswick St,56
2589,Washington St,Central Park West & W 72 St,2
2590,Washington St,Christ Hospital,11
2591,Washington St,City Hall,150
2592,Washington St,Columbus Drive,237
2593,Washington St,Communipaw & Berry Lane,8
2594,Washington St,Dey St,9
2595,Washington St,Dixon Mills,66
2596,Washington St,Essex Light Rail,230
2597,Washington St,Exchange Place,750
2598,Washington St,Fairmount Ave,2
2599,Washington St,Garfield Ave Station,2
2600,Washington St,Grand St,130
2601,Washington St,Grove St PATH,291
2602,Washington St,Hamilton Park,234
2603,Washington St,Harborside,641
2604,Washington St,Heights Elevator,35
2605,Washington St,Hilltop,27
2606,Washington St,Hudson St & Reade St,1
2607,Washington St,JC Medical Center,40
2608,Washington St,Jersey & 3rd,116
2609,Washington St,Jersey & 6th St,113
2610,Washington St,Journal Square,14
2611,Washington St,Lafayette Park,5
2612,Washington St,Leonard Gordon Park,10
2613,Washington St,Liberty Light Rail,29
2614,Washington St,Lincoln Park,2
2615,Washington St,Manila & 1st,173
2616,Washington St,Marin Light Rail,222
2617,Washington St,McGinley Square,6
2618,Washington St,Monmouth and 6th,59
2619,Washington St,Montgomery St,32
2620,Washington St,Morris Canal,164
2621,Washington St,Newark Ave,232
2622,Washington St,Newport PATH,1041
2623,Washington St,Newport Pkwy,666
2624,Washington St,Oakland Ave,84
2625,Washington St,Paulus Hook,374
2626,Washington St,Pershing Field,15
2627,Washington St,Pike St & Monroe St,1
2628,Washington St,Riverview Park,15
2629,Washington St,Sip Ave,9
2630,Washington St,Union St,1
2631,Washington St,Van Vorst Park,73
2632,Washington St,W 13 St & 6 Ave,1
2633,Washington St,Warren St,263
2634,Washington St,Washington St,423
2635,Washington St,York St,51
2636,West Side Light Rail,Astor Place,2
2637,West Side Light Rail,Bayside Park,1
2638,West Side Light Rail,Christ Hospital,1
2639,West Side Light Rail,City Hall,2
2640,West Side Light Rail,Columbia Park,1
2641,West Side Light Rail,Dey St,1
2642,West Side Light Rail,Dixon Mills,2
2643,West Side Light Rail,Fairmount Ave,2
2644,West Side Light Rail,Heights Elevator,1
2645,West Side Light Rail,Hilltop,1
2646,West Side Light Rail,Jersey & 3rd,2
2647,West Side Light Rail,Journal Square,1
2648,West Side Light Rail,Morris Canal,1
2649,West Side Light Rail,NJCU,1
2650,West Side Light Rail,Oakland Ave,1
2651,West Side Light Rail,Sip Ave,11
2652,West Side Light Rail,Union St,9
2653,West Side Light Rail,West Side Light Rail,2
2654,York St,5 Corners Library,3
2655,York St,Astor Place,4
2656,York St,Baldwin at Montgomery,12
2657,York St,Bergen Ave,6
2658,York St,Brunswick & 6th,15
2659,York St,Brunswick St,68
2660,York St,Christ Hospital,2
2661,York St,City Hall,181
2662,York St,Columbus Drive,97
2663,York St,Communipaw & Berry Lane,5
2664,York St,Dey St,11
2665,York St,Dixon Mills,15
2666,York St,Essex Light Rail,60
2667,York St,Exchange Place,710
2668,York St,Glenwood Ave,1
2669,York St,Grand St,33
2670,York St,Grove St PATH,598
2671,York St,Hamilton Park,47
2672,York St,Harborside,151
2673,York St,Heights Elevator,3
2674,York St,Hilltop,5
2675,York St,JC Medical Center,31
2676,York St,Jersey & 3rd,31
2677,York St,Jersey & 6th St,12
2678,York St,Journal Square,2
2679,York St,Lafayette Park,8
2680,York St,Leonard Gordon Park,3
2681,York St,Liberty Light Rail,29
2682,York St,Lincoln Park,24
2683,York St,Manila & 1st,18
2684,York St,Marin Light Rail,69
2685,York St,McGinley Square,6
2686,York St,Monmouth and 6th,7
2687,York St,Montgomery St,57
2688,York St,Morris Canal,37
2689,York St,Newark Ave,97
2690,York St,Newport PATH,125
2691,York St,Newport Pkwy,54
2692,York St,Oakland Ave,3
2693,York St,Paulus Hook,203
2694,York St,Pershing Field,7
2695,York St,Riverview Park,3
2696,York St,Sip Ave,11
2697,York St,Van Vorst Park,137
2698,York St,W 113 St & Broadway,1
2699,York St,Warren St,140
2700,York St,Washington St,51
2701,York St,York St,108
